100.00,100.00,100.00,100.00,100.00,100.00,100.00,100.00,100.00,100.00,100.00,100.00,100.00,100.00,100.00,100.00,100.00,100.00,100.00,100.00,100.00,100.00,100.00,100.00,100.00,100.00,100.00,100.00,100.00,100.00,100.00,100.00,100.00,100.00,100.00,100.00,100.00,100.00,100.00,100.00,100.00,100.00,100.00,100.00,100.00,100.00,100.00,100.00,100.00,100.00,100.00,100.00,100.00,100.00,100.00,100.00,100.00,100.00,100.00,100.00,100.00,100.00,100.00,100.00,100.00,100.00,100.00,100.00,100.00,100.00,100.00,100.00,100.00,100.00,100.00,100.00,100.00,100.00,100.00,100.00,100.00,100.00,100.00,100.00,100.00,100.00,100.00,100.00,100.00,100.00,100.00,100.00,100.00,100.00,100.00,100.00
100.00,100.00,100.00,100.00,100.00,100.00,100.00,100.00,100.00,100.00,100.00,100.00,100.00,100.00,100.00,100.00,100.00,100.00,100.00,100.00,100.00,100.00,100.00,100.00,100.00,100.00,100.00,100.00,100.00,100.00,100.00,100.00,100.00,100.00,100.00,100.00,100.00,100.00,100.00,100.00,100.00,100.00,100.00,100.00,100.00,100.00,100.00,100.00,100.00,100.00,100.00,100.00,100.00,100.00,100.00,100.00,100.00,100.00,100.00,100.00,100.00,100.00,100.00,100.00,100.00,100.00,100.00,100.00,100.00,100.00,100.00,100.00,100.00,100.00,100.00,100.00,100.00,100.00,100.00,100.00,100.00,100.00,100.00,100.00,100.00,100.00,100.00,100.00,100.00,100.00,100.00,100.00,100.00,100.00,100.00,100.00
100.00,100.00,100.00,100.00,100.00,100.00,100.00,100.00,100.00,100.00,100.00,100.00,100.00,100.00,100.00,100.00,100.00,100.00,100.00,100.00,100.00,100.00,100.00,100.00,100.00,100.00,100.00,100.00,100.00,100.00,100.00,100.00,100.00,100.00,100.00,100.00,100.00,100.00,100.00,100.00,100.00,100.00,100.00,100.00,100.00,100.00,100.00,100.00,100.00,100.00,100.00,100.00,100.00,100.00,100.00,100.00,100.00,100.00,100.00,100.00,100.00,100.00,100.00,100.00,100.00,100.00,100.00,100.00,100.00,100.00,100.00,100.00,100.00,100.00,100.00,100.00,100.00,100.00,100.00,100.00,100.00,100.00,100.00,100.00,100.00,100.00,100.00,100.00,100.00,100.00,100.00,100.00,100.00,100.00,100.00,100.00
100.00,100.00,100.00,100.00,100.00,100.00,100.00,100.00,100.00,100.00,100.00,100.00,100.00,100.00,100.00,100.00,100.00,100.00,100.00,100.00,100.00,100.00,100.00,100.00,100.00,100.00,100.00,100.00,100.00,100.00,100.00,100.00,100.00,100.00,100.00,100.00,100.00,100.00,100.00,100.00,100.00,100.00,100.00,100.00,100.00,100.00,100.00,100.00,100.00,100.00,100.00,100.00,100.00,100.00,100.00,100.00,100.00,100.00,100.00,100.00,100.00,100.00,100.00,100.00,100.00,100.00,100.00,100.00,100.00,100.00,100.00,100.00,100.00,100.00,100.00,100.00,100.00,100.00,100.00,100.00,100.00,100.00,100.00,100.00,100.00,100.00,100.00,100.00,100.00,100.00,100.00,100.00,100.00,100.00,100.00,100.00
100.00,100.00,100.00,100.00,100.00,100.00,100.00,100.00,100.00,100.00,100.00,100.00,100.00,100.00,100.00,100.00,100.00,100.00,100.00,100.00,100.00,100.00,100.00,100.00,100.00,100.00,100.00,100.00,100.00,100.00,100.00,100.00,100.00,100.00,100.00,100.00,100.00,100.00,100.00,100.00,100.00,100.00,100.00,100.00,100.00,100.00,100.00,100.00,100.00,100.00,100.00,100.00,100.00,100.00,100.00,100.00,100.00,100.00,100.00,100.00,100.00,100.00,100.00,100.00,100.00,100.00,100.00,100.00,100.00,100.00,100.00,100.00,100.00,100.00,100.00,100.00,100.00,100.00,100.00,100.00,100.00,100.00,100.00,100.00,100.00,100.00,100.00,100.00,100.00,100.00,100.00,100.00,100.00,100.00,100.00,100.00
100.00,100.00,100.00,100.00,100.00,100.00,100.00,100.00,100.00,100.00,100.00,100.00,100.00,100.00,100.00,100.00,100.00,100.00,100.00,100.00,100.00,100.00,100.00,100.00,100.00,100.00,100.00,100.00,100.00,100.00,100.00,100.00,100.00,100.00,100.00,100.00,100.00,100.00,100.00,100.00,100.00,100.00,100.00,100.00,100.00,100.00,100.00,100.00,100.00,100.00,100.00,100.00,100.00,100.00,100.00,100.00,100.00,100.00,100.00,100.00,100.00,100.00,100.00,100.00,100.00,100.00,100.00,100.00,100.00,100.00,100.00,100.00,100.00,100.00,100.00,100.00,100.00,100.00,100.00,100.00,100.00,100.00,100.00,100.00,100.00,100.00,100.00,100.00,100.00,100.00,100.00,100.00,100.00,100.00,100.00,100.00
100.00,100.00,100.00,100.00,100.00,100.00,100.00,100.00,100.00,100.00,100.00,100.00,100.00,100.00,100.00,100.00,100.00,100.00,100.00,100.00,100.00,100.00,100.00,100.00,100.00,100.00,100.00,100.00,100.00,100.00,100.00,100.00,100.00,100.00,100.00,100.00,100.00,100.00,100.00,100.00,100.00,100.00,100.00,100.00,100.00,100.00,100.00,100.00,100.00,100.00,100.00,100.00,100.00,100.00,100.00,100.00,100.00,100.00,100.00,100.00,100.00,100.00,100.00,100.00,100.00,100.00,100.00,100.00,100.00,100.00,100.00,100.00,100.00,100.00,100.00,100.00,100.00,100.00,100.00,100.00,100.00,100.00,100.00,100.00,100.00,100.00,100.00,100.00,100.00,100.00,100.00,100.00,100.00,100.00,100.00,100.00
100.00,100.00,100.00,100.00,100.00,100.00,100.00,100.00,100.00,100.00,100.00,100.00,100.00,100.00,100.00,100.00,100.00,100.00,100.00,100.00,100.00,100.00,100.00,100.00,100.00,100.00,100.00,100.00,100.00,100.00,100.00,100.00,100.00,100.00,100.00,100.00,100.00,100.00,100.00,100.00,100.00,100.00,100.00,100.00,100.00,100.00,100.00,100.00,100.00,100.00,100.00,100.00,100.00,100.00,100.00,100.00,100.00,100.00,100.00,100.00,100.00,100.00,100.00,100.00,100.00,100.00,100.00,100.00,100.00,100.00,100.00,100.00,100.00,100.00,100.00,100.00,100.00,100.00,100.00,100.00,100.00,100.00,100.00,100.00,100.00,100.00,100.00,100.00,100.00,100.00,100.00,100.00,100.00,100.00,100.00,100.00
100.00,100.00,100.00,100.00,100.00,100.00,100.00,100.00,100.00,100.00,100.00,100.00,100.00,100.00,100.00,100.00,100.00,100.00,100.00,100.00,100.00,100.00,100.00,100.00,100.00,100.00,100.00,100.00,100.00,100.00,100.00,100.00,100.00,100.00,100.00,100.00,100.00,100.00,100.00,100.00,100.00,100.00,100.00,100.00,100.00,100.00,100.00,100.00,100.00,100.00,100.00,100.00,100.00,100.00,100.00,100.00,100.00,100.00,100.00,100.00,100.00,100.00,100.00,100.00,100.00,100.00,100.00,100.00,100.00,100.00,100.00,100.00,100.00,100.00,100.00,100.00,100.00,100.00,100.00,100.00,100.00,100.00,100.00,100.00,100.00,100.00,100.00,100.00,100.00,100.00,100.00,100.00,100.00,100.00,100.00,100.00
100.00,100.00,100.00,100.00,100.00,100.00,100.00,100.00,100.00,100.00,100.00,100.00,100.00,100.00,100.00,100.00,100.00,100.00,100.00,100.00,100.00,100.00,100.00,100.00,100.00,100.00,100.00,100.00,100.00,100.00,100.00,100.00,100.00,100.00,100.00,100.00,100.00,100.00,100.00,100.00,100.00,100.00,100.00,100.00,100.00,100.00,100.00,100.00,100.00,100.00,100.00,100.00,100.00,100.00,100.00,100.00,100.00,100.00,100.00,100.00,100.00,100.00,100.00,100.00,100.00,100.00,100.00,100.00,100.00,100.00,100.00,100.00,100.00,100.00,100.00,100.00,100.00,100.00,100.00,100.00,100.00,100.00,100.00,100.00,100.00,100.00,100.00,100.00,100.00,100.00,100.00,100.00,100.00,100.00,100.00,100.00
100.00,100.00,100.00,100.00,100.00,100.00,100.00,100.00,100.00,100.00,100.00,100.00,100.00,100.00,100.00,100.00,100.00,100.00,100.00,100.00,100.00,100.00,100.00,100.00,100.00,100.00,100.00,100.00,100.00,100.00,100.00,100.00,100.00,100.00,100.00,100.00,100.00,100.00,100.00,100.00,100.00,100.00,100.00,100.00,100.00,100.00,100.00,100.00,100.00,100.00,100.00,100.00,100.00,100.00,100.00,100.00,100.00,100.00,100.00,100.00,100.00,100.00,100.00,100.00,100.00,100.00,100.00,100.00,100.00,100.00,100.00,100.00,100.00,100.00,100.00,100.00,100.00,100.00,100.00,100.00,100.00,100.00,100.00,100.00,100.00,100.00,100.00,100.00,100.00,100.00,100.00,100.00,100.00,100.00,100.00,100.00
100.00,100.00,100.00,100.00,100.00,100.00,100.00,100.00,100.00,100.00,100.00,100.00,100.00,100.00,100.00,100.00,100.00,100.00,100.00,100.00,100.00,100.00,100.00,100.00,100.00,100.00,100.00,100.00,100.00,100.00,100.00,100.00,100.00,100.00,100.00,100.00,100.00,100.00,100.00,100.00,100.00,100.00,100.00,100.00,100.00,100.00,100.00,100.00,100.00,100.00,100.00,100.00,100.00,100.00,100.00,100.00,100.00,100.00,100.00,100.00,100.00,100.00,100.00,100.00,100.00,100.00,100.00,100.00,100.00,100.00,100.00,100.00,100.00,100.00,100.00,100.00,100.00,100.00,100.00,100.00,100.00,100.00,100.00,100.00,100.00,100.00,100.00,100.00,100.00,100.00,100.00,100.00,100.00,100.00,100.00,100.00
100.00,100.00,100.00,100.00,100.00,100.00,100.00,100.00,100.00,100.00,100.00,100.00,100.00,100.00,100.00,100.00,100.00,100.00,100.00,100.00,100.00,100.00,100.00,100.00,100.00,100.00,100.00,100.00,100.00,100.00,100.00,100.00,100.00,100.00,100.00,100.00,100.00,100.00,100.00,100.00,100.00,100.00,100.00,100.00,100.00,100.00,100.00,100.00,100.00,100.00,100.00,100.00,100.00,100.00,100.00,100.00,100.00,100.00,100.00,100.00,100.00,100.00,100.00,100.00,100.00,100.00,100.00,100.00,100.00,100.00,100.00,100.00,100.00,100.00,100.00,100.00,100.00,100.00,100.00,100.00,100.00,100.00,100.00,100.00,100.00,100.00,100.00,100.00,100.00,100.00,100.00,100.00,100.00,100.00,100.00,100.00
100.00,100.00,100.00,100.00,100.00,100.00,100.00,100.00,100.00,100.00,100.00,100.00,100.00,100.00,100.00,100.00,100.00,100.00,100.00,100.00,100.00,100.00,100.00,100.00,100.00,100.00,100.00,100.00,100.00,100.00,100.00,100.00,100.00,100.00,100.00,100.00,100.00,100.00,100.00,100.00,100.00,100.00,100.00,100.00,100.00,100.00,100.00,100.00,100.00,100.00,100.00,100.00,100.00,100.00,100.00,100.00,100.00,100.00,100.00,100.00,100.00,100.00,100.00,100.00,100.00,100.00,100.00,100.00,100.00,100.00,100.00,100.00,100.00,100.00,100.00,100.00,100.00,100.00,100.00,100.00,100.00,100.00,100.00,100.00,100.00,100.00,100.00,100.00,100.00,100.00,100.00,100.00,100.00,100.00,100.00,100.00
100.00,100.00,100.00,100.00,100.00,100.00,100.00,100.00,100.00,100.00,100.00,100.00,100.00,100.00,100.00,100.00,100.00,100.00,100.00,100.00,100.00,100.00,100.00,100.00,100.00,100.00,100.00,100.00,100.00,100.00,100.00,100.00,100.00,100.00,100.00,100.00,100.00,100.00,100.00,100.00,100.00,100.00,100.00,100.00,100.00,100.00,100.00,100.00,100.00,100.00,100.00,100.00,100.00,100.00,100.00,100.00,100.00,100.00,100.00,100.00,100.00,100.00,100.00,100.00,100.00,100.00,100.00,100.00,100.00,100.00,100.00,100.00,100.00,100.00,100.00,100.00,100.00,100.00,100.00,100.00,100.00,100.00,100.00,100.00,100.00,100.00,100.00,100.00,100.00,100.00,100.00,100.00,100.00,100.00,100.00,100.00
100.00,100.00,100.00,100.00,100.00,100.00,100.00,100.00,100.00,100.00,100.00,100.00,100.00,100.00,100.00, 3.02, 3.04, 3.06, 3.08, 3.10, 3.12, 3.14, 3.16, 3.19, 3.21, 3.24, 3.27, 3.30, 3.34, 3.37, 3.41, 3.45, 3.49, 3.54, 3.59, 3.64, 3.70, 3.75, 3.81, 3.87, 3.92, 3.96, 4.00, 4.01, 4.02, 4.02, 4.02, 4.02, 4.02, 4.02, 4.02, 4.02, 4.02, 4.02, 4.02, 4.02, 4.02, 4.02, 4.02, 4.02, 4.02, 4.02, 4.02, 4.02, 4.02, 4.02, 4.02, 4.02, 4.02, 4.02, 4.02, 4.02, 4.02, 4.02, 4.02, 4.02, 4.02, 4.02, 4.02, 4.02, 4.02,100.00,100.00,100.00,100.00,100.00,100.00,100.00,100.00,100.00,100.00,100.00,100.00,100.00,100.00,100.00
100.00,100.00,100.00,100.00,100.00,100.00,100.00,100.00,100.00,100.00,100.00,100.00,100.00,100.00,100.00, 3.03, 2.80, 2.82, 2.84, 2.86, 2.88, 2.91, 2.93, 2.95, 2.98, 3.01, 3.04, 3.07, 3.11, 3.15, 3.19, 3.23, 3.28, 3.33, 3.39, 3.45, 3.51, 3.58, 3.65, 3.72, 3.79, 3.85, 3.89, 3.92, 3.92, 3.92, 3.92, 3.92, 3.92, 3.92, 3.92, 3.92, 3.92, 3.92, 3.92, 3.92, 3.92, 3.92, 3.92, 3.92, 3.92, 3.92, 3.92, 3.92, 3.92, 3.92, 3.92, 3.92, 3.92, 3.92, 3.92, 3.92, 3.92, 3.92, 3.92, 3.92, 3.92, 3.92, 3.92, 3.92, 4.16,100.00,100.00,100.00,100.00,100.00,100.00,100.00,100.00,100.00,100.00,100.00,100.00,100.00,100.00,100.00
100.00,100.00,100.00,100.00,100.00,100.00,100.00,100.00,100.00,100.00,100.00,100.00,100.00,100.00,100.00, 3.03, 2.81, 2.63, 2.65, 2.68, 2.70, 2.72, 2.74, 2.77, 2.80, 2.83, 2.86, 2.90, 2.93, 2.97, 3.02, 3.06, 3.12, 3.17, 3.24, 3.30, 3.38, 3.46, 3.55, 3.64, 3.73, 3.81, 3.88, 3.91, 3.92, 3.92, 3.92, 3.92, 3.92, 3.92, 3.92, 3.92, 3.92, 3.92, 3.92, 3.92, 3.92, 3.92, 3.92, 3.92, 3.92, 3.92, 3.92, 3.92, 3.92, 3.92, 3.92, 3.92, 3.92, 3.92, 3.92, 3.92, 3.92, 3.92, 3.92, 3.92, 3.92, 3.92, 3.92, 4.11, 4.35,100.00,100.00,100.00,100.00,100.00,100.00,100.00,100.00,100.00,100.00,100.00,100.00,100.00,100.00,100.00
100.00,100.00,100.00,100.00,100.00,100.00,100.00,100.00,100.00,100.00,100.00,100.00,100.00,100.00,100.00, 3.04, 2.82, 2.65, 2.51, 2.53, 2.55, 2.58, 2.60, 2.63, 2.66, 2.69, 2.72, 2.76, 2.80, 2.84, 2.88, 2.93, 2.98, 3.05, 3.11, 3.19, 3.28, 3.37, 3.48, 3.60, 3.72, 3.84, 3.94, 4.00, 4.01, 4.01, 4.01, 4.01, 4.01, 4.01, 4.01, 4.01, 4.01, 4.01, 4.01, 4.01, 4.01, 4.01, 4.01, 4.01, 4.01, 4.01, 4.01, 4.01, 4.01, 4.01, 4.01, 4.01, 4.01, 4.01, 4.01, 4.01, 4.01, 4.01, 4.01, 4.01, 4.01, 4.01, 4.16, 4.36, 4.60,100.00,100.00,100.00,100.00,100.00,100.00,100.00,100.00,100.00,100.00,100.00,100.00,100.00,100.00,100.00
100.00,100.00,100.00,100.00,100.00,100.00,100.00,100.00,100.00,100.00,100.00,100.00,100.00,100.00,100.00, 3.06, 2.84, 2.67, 2.53, 2.42, 2.44, 2.47, 2.49, 2.52, 2.55, 2.58, 2.62, 2.65, 2.69, 2.73, 2.78, 2.83, 2.89, 2.95, 3.02, 3.10, 3.20, 3.31, 3.44, 3.59, 3.76, 3.94,100.00,100.00,100.00,100.00,100.00,100.00,100.00,100.00,100.00,100.00,100.00,100.00,100.00,100.00,100.00,100.00,100.00,100.00,100.00,100.00,100.00,100.00,100.00,100.00,100.00,100.00,100.00,100.00,100.00,100.00,100.00,100.00,100.00,100.00,100.00,100.00,100.00,100.00,100.00,100.00,100.00,100.00,100.00,100.00,100.00,100.00,100.00,100.00,100.00,100.00,100.00,100.00,100.00,100.00
100.00,100.00,100.00,100.00,100.00,100.00,100.00,100.00,100.00,100.00,100.00,100.00,100.00,100.00,100.00, 3.08, 2.86, 2.69, 2.55, 2.44, 2.35, 2.38, 2.40, 2.43, 2.46, 2.49, 2.53, 2.57, 2.61, 2.65, 2.70, 2.75, 2.81, 2.88, 2.95, 3.04, 3.14, 3.26, 3.41, 3.60, 3.82,100.00,100.00,100.00,100.00,100.00,100.00,100.00,100.00,100.00,100.00,100.00,100.00,100.00,100.00,100.00,100.00,100.00,100.00,100.00,100.00,100.00,100.00,100.00,100.00,100.00,100.00,100.00,100.00,100.00,100.00,100.00,100.00,100.00,100.00,100.00,100.00,100.00,100.00,100.00,100.00,100.00,100.00,100.00,100.00,100.00,100.00,100.00,100.00,100.00,100.00,100.00,100.00,100.00,100.00,100.00
100.00,100.00,100.00,100.00,100.00,100.00,100.00,100.00,100.00,100.00,100.00,100.00,100.00,100.00,100.00, 3.10, 2.88, 2.71, 2.57, 2.46, 2.37, 2.30, 2.33, 2.36, 2.39, 2.42, 2.46, 2.49, 2.53, 2.58, 2.63, 2.68, 2.74, 2.81, 2.89, 2.98, 3.09, 3.22, 3.39, 3.60,100.00,100.00,100.00,100.00,100.00,100.00,100.00,100.00,100.00,100.00,100.00,100.00,100.00,100.00,100.00,100.00,100.00,100.00,100.00,100.00,100.00,100.00,100.00,100.00,100.00,100.00,100.00,100.00,100.00,100.00,100.00,100.00,100.00,100.00,100.00,100.00,100.00,100.00,100.00,100.00,100.00,100.00,100.00,100.00,100.00,100.00,100.00,100.00,100.00,100.00,100.00,100.00,100.00,100.00,100.00,100.00
100.00,100.00,100.00,100.00,100.00,100.00,100.00,100.00,100.00,100.00,100.00,100.00,100.00,100.00,100.00, 3.13, 2.90, 2.73, 2.59, 2.49, 2.40, 2.32, 2.27, 2.29, 2.32, 2.36, 2.39, 2.43, 2.47, 2.52, 2.57, 2.62, 2.68, 2.75, 2.83, 2.93, 3.04, 3.18, 3.36, 3.59,100.00,100.00,100.00,100.00,100.00,100.00,100.00,100.00,100.00,100.00,100.00,100.00,100.00,100.00,100.00,100.00,100.00,100.00,100.00,100.00,100.00,100.00,100.00,100.00,100.00,100.00,100.00,100.00,100.00,100.00,100.00,100.00,100.00,100.00,100.00,100.00,100.00,100.00,100.00,100.00,100.00,100.00,100.00,100.00,100.00,100.00,100.00,100.00,100.00,100.00,100.00,100.00,100.00,100.00,100.00,100.00
100.00,100.00,100.00,100.00,100.00,100.00,100.00,100.00,100.00,100.00,100.00,100.00,100.00,100.00,100.00, 3.15, 2.92, 2.75, 2.62, 2.51, 2.42, 2.35, 2.29, 2.24, 2.27, 2.30, 2.34, 2.38, 2.42, 2.46, 2.51, 2.57, 2.63, 2.70, 2.78, 2.87, 2.99, 3.13, 3.30, 3.54,100.00,100.00,100.00,100.00,100.00,100.00,100.00,100.00,100.00,100.00,100.00,100.00,100.00,100.00,100.00,100.00,100.00,100.00,100.00,100.00,100.00,100.00,100.00,100.00,100.00,100.00,100.00,100.00,100.00,100.00,100.00,100.00,100.00,100.00,100.00,100.00,100.00,100.00,100.00,100.00,100.00,100.00,100.00,100.00,100.00,100.00,100.00,100.00,100.00,100.00,100.00,100.00,100.00,100.00,100.00,100.00
100.00,100.00,100.00,100.00,100.00,100.00,100.00,100.00,100.00,100.00,100.00,100.00,100.00,100.00,100.00, 3.17, 2.95, 2.78, 2.64, 2.53, 2.44, 2.37, 2.31, 2.26, 2.23, 2.26, 2.30, 2.33, 2.37, 2.42, 2.47, 2.52, 2.58, 2.65, 2.73, 2.82, 2.94, 3.08, 3.25, 3.49,100.00,100.00,100.00,100.00,100.00,100.00,100.00,100.00,100.00,100.00,100.00,100.00,100.00,100.00,100.00,100.00,100.00,100.00,100.00,100.00,100.00,100.00,100.00,100.00,100.00,100.00,100.00,100.00,100.00,100.00,100.00,100.00,100.00,100.00,100.00,100.00,100.00,100.00,100.00,100.00,100.00,100.00,100.00,100.00,100.00,100.00,100.00,100.00,100.00,100.00,100.00,100.00,100.00,100.00,100.00,100.00
100.00,100.00,100.00,100.00,100.00,100.00,100.00,100.00,100.00,100.00,100.00,100.00,100.00,100.00,100.00, 3.20, 2.97, 2.80, 2.66, 2.56, 2.47, 2.39, 2.34, 2.29, 2.25, 2.22, 2.26, 2.30, 2.34, 2.38, 2.43, 2.48, 2.54, 2.61, 2.69, 2.78, 2.90, 3.03, 3.21, 3.45,100.00,100.00,100.00,100.00,100.00,100.00,100.00,100.00,100.00,100.00,100.00,100.00,100.00,100.00,100.00,100.00,100.00,100.00,100.00,100.00,100.00,100.00,100.00,100.00,100.00,100.00,100.00,100.00,100.00,100.00,100.00,100.00,100.00,100.00,100.00,100.00,100.00,100.00,100.00,100.00,100.00,100.00,100.00,100.00,100.00,100.00,100.00,100.00,100.00,100.00,100.00,100.00,100.00,100.00,100.00,100.00
100.00,100.00,100.00,100.00,100.00,100.00,100.00,100.00,100.00,100.00,100.00,100.00,100.00,100.00,100.00, 3.22, 3.00, 2.83, 2.69, 2.58, 2.49, 2.42, 2.36, 2.32, 2.28, 2.25, 2.23, 2.27, 2.31, 2.35, 2.40, 2.45, 2.51, 2.58, 2.66, 2.75, 2.86, 3.00, 3.17, 3.41,100.00,100.00,100.00,100.00,100.00,100.00,100.00,100.00,100.00,100.00,100.00,100.00,100.00,100.00,100.00,100.00,100.00,100.00,100.00,100.00,100.00,100.00,100.00,100.00,100.00,100.00,100.00,100.00,100.00,100.00,100.00,100.00,100.00,100.00,100.00,100.00,100.00,100.00,100.00,100.00,100.00,100.00,100.00,100.00,100.00,100.00,100.00,100.00,100.00,100.00,100.00,100.00,100.00,100.00,100.00,100.00
100.00,100.00,100.00,100.00,100.00,100.00,100.00,100.00,100.00,100.00,100.00,100.00,100.00,100.00,100.00, 3.25, 3.03, 2.86, 2.72, 2.61, 2.52, 2.45, 2.39, 2.34, 2.31, 2.28, 2.26, 2.25, 2.29, 2.33, 2.38, 2.43, 2.49, 2.55, 2.63, 2.72, 2.83, 2.97, 3.14, 3.38,100.00,100.00,100.00,100.00,100.00,100.00,100.00,100.00,100.00,100.00,100.00,100.00,100.00,100.00,100.00,100.00,100.00,100.00,100.00,100.00,100.00,100.00,100.00,100.00,100.00,100.00,100.00,100.00,100.00,100.00,100.00,100.00,100.00,100.00,100.00,100.00,100.00,100.00,100.00,100.00,100.00,100.00,100.00,100.00,100.00,100.00,100.00,100.00,100.00,100.00,100.00,100.00,100.00,100.00,100.00,100.00
100.00,100.00,100.00,100.00,100.00,100.00,100.00,100.00,100.00,100.00,100.00,100.00,100.00,100.00,100.00, 3.28, 3.06, 2.89, 2.75, 2.64, 2.55, 2.48, 2.42, 2.37, 2.34, 2.31, 2.29, 2.28, 2.27, 2.31, 2.36, 2.41, 2.47, 2.53, 2.61, 2.70, 2.81, 2.94, 3.12, 3.35,100.00,100.00,100.00,100.00,100.00,100.00,100.00,100.00,100.00,100.00,100.00,100.00,100.00,100.00,100.00,100.00,100.00,100.00,100.00,100.00,100.00,100.00,100.00,100.00,100.00,100.00,100.00,100.00,100.00,100.00,100.00,100.00,100.00,100.00,100.00,100.00,100.00,100.00,100.00,100.00,100.00,100.00,100.00,100.00,100.00,100.00,100.00,100.00,100.00,100.00,100.00,100.00,100.00,100.00,100.00,100.00
100.00,100.00,100.00,100.00,100.00,100.00,100.00,100.00,100.00,100.00,100.00,100.00,100.00,100.00,100.00, 3.31, 3.09, 2.92, 2.78, 2.67, 2.59, 2.51, 2.45, 2.41, 2.37, 2.34, 2.32, 2.31, 2.30, 2.30, 2.35, 2.40, 2.45, 2.52, 2.59, 2.68, 2.79, 2.92, 3.10, 3.33,100.00,100.00,100.00,100.00,100.00,100.00,100.00,100.00,100.00,100.00,100.00,100.00,100.00,100.00,100.00,100.00,100.00,100.00,100.00,100.00,100.00,100.00,100.00,100.00,100.00,100.00,100.00,100.00,100.00,100.00,100.00,100.00,100.00,100.00,100.00,100.00,100.00,100.00,100.00,100.00,100.00,100.00,100.00,100.00,100.00,100.00,100.00,100.00,100.00,100.00,100.00,100.00,100.00,100.00,100.00,100.00
100.00,100.00,100.00,100.00,100.00,100.00,100.00,100.00,100.00,100.00,100.00,100.00,100.00,100.00,100.00, 3.35, 3.13, 2.96, 2.82, 2.71, 2.62, 2.55, 2.49, 2.44, 2.41, 2.38, 2.36, 2.35, 2.34, 2.34, 2.34, 2.39, 2.44, 2.51, 2.58, 2.67, 2.77, 2.91, 3.08, 3.31,100.00,100.00,100.00,100.00,100.00,100.00,100.00,100.00,100.00,100.00,100.00,100.00,100.00,100.00,100.00,100.00,100.00,100.00,100.00,100.00,100.00,100.00,100.00,100.00,100.00,100.00,100.00,100.00,100.00,100.00,100.00,100.00,100.00,100.00,100.00,100.00,100.00,100.00,100.00,100.00,100.00,100.00,100.00,100.00,100.00,100.00,100.00,100.00,100.00,100.00,100.00,100.00,100.00,100.00,100.00,100.00
100.00,100.00,100.00,100.00,100.00,100.00,100.00,100.00,100.00,100.00,100.00,100.00,100.00,100.00,100.00, 3.39, 3.17, 2.99, 2.86, 2.75, 2.66, 2.59, 2.53, 2.48, 2.45, 2.42, 2.40, 2.38, 2.38, 2.37, 2.38, 2.39, 2.44, 2.50, 2.57, 2.66, 2.76, 2.89, 3.06, 3.29,100.00,100.00,100.00,100.00,100.00,100.00,100.00,100.00,100.00,100.00,100.00,100.00,100.00,100.00,100.00,100.00,100.00,100.00,100.00,100.00,100.00,100.00,100.00,100.00,100.00,100.00,100.00,100.00,100.00,100.00,100.00,100.00,100.00,100.00,100.00,100.00,100.00,100.00,100.00,100.00,100.00,100.00,100.00,100.00,100.00,100.00,100.00,100.00,100.00,100.00,100.00,100.00,100.00,100.00,100.00,100.00
100.00,100.00,100.00,100.00,100.00,100.00,100.00,100.00,100.00,100.00,100.00,100.00,100.00,100.00,100.00, 3.43, 3.21, 3.04, 2.90, 2.79, 2.70, 2.63, 2.57, 2.53, 2.49, 2.46, 2.44, 2.43, 2.42, 2.41, 2.42, 2.42, 2.44, 2.50, 2.57, 2.65, 2.76, 2.89, 3.05, 3.28,100.00,100.00,100.00,100.00,100.00,100.00,100.00,100.00,100.00,100.00,100.00,100.00,100.00,100.00,100.00,100.00,100.00,100.00,100.00,100.00,100.00,100.00,100.00,100.00,100.00,100.00,100.00,100.00,100.00,100.00,100.00,100.00,100.00,100.00,100.00,100.00,100.00,100.00,100.00,100.00,100.00,100.00,100.00,100.00,100.00,100.00,100.00,100.00,100.00,100.00,100.00,100.00,100.00,100.00,100.00,100.00
100.00,100.00,100.00,100.00,100.00,100.00,100.00,100.00,100.00,100.00,100.00,100.00,100.00,100.00,100.00, 3.48, 3.26, 3.08, 2.95, 2.84, 2.75, 2.68, 2.62, 2.57, 2.54, 2.51, 2.49, 2.47, 2.46, 2.46, 2.46, 2.47, 2.48, 2.50, 2.57, 2.65, 2.75, 2.88, 3.05, 3.27,100.00,100.00,100.00,100.00,100.00,100.00,100.00,100.00,100.00,100.00,100.00,100.00,100.00,100.00,100.00,100.00,100.00,100.00,100.00,100.00,100.00,100.00,100.00,100.00,100.00,100.00,100.00,100.00,100.00,100.00,100.00,100.00,100.00,100.00,100.00,100.00,100.00,100.00,100.00,100.00,100.00,100.00,100.00,100.00,100.00,100.00,100.00,100.00,100.00,100.00,100.00,100.00,100.00,100.00,100.00,100.00
100.00,100.00,100.00,100.00,100.00,100.00,100.00,100.00,100.00,100.00,100.00,100.00,100.00,100.00,100.00, 3.53, 3.31, 3.14, 3.00, 2.89, 2.80, 2.73, 2.67, 2.62, 2.59, 2.56, 2.54, 2.52, 2.51, 2.51, 2.50, 2.51, 2.52, 2.54, 2.58, 2.66, 2.75, 2.88, 3.04, 3.26,100.00,100.00,100.00,100.00,100.00,100.00,100.00,100.00,100.00,100.00,100.00,100.00,100.00,100.00,100.00,100.00,100.00,100.00,100.00,100.00,100.00,100.00,100.00,100.00,100.00,100.00,100.00,100.00,100.00,100.00,100.00,100.00,100.00,100.00,100.00,100.00,100.00,100.00,100.00,100.00,100.00,100.00,100.00,100.00,100.00,100.00,100.00,100.00,100.00,100.00,100.00,100.00,100.00,100.00,100.00,100.00
100.00,100.00,100.00,100.00,100.00,100.00,100.00,100.00,100.00,100.00,100.00,100.00,100.00,100.00,100.00, 3.59, 3.37, 3.20, 3.06, 2.95, 2.86, 2.79, 2.73, 2.68, 2.65, 2.62, 2.60, 2.58, 2.57, 2.56, 2.56, 2.56, 2.57, 2.58, 2.61, 2.66, 2.76, 2.88, 3.04, 3.26,100.00,100.00,100.00,100.00,100.00,100.00,100.00,100.00,100.00,100.00,100.00,100.00,100.00,100.00,100.00,100.00,100.00,100.00,100.00,100.00,100.00,100.00,100.00,100.00,100.00,100.00,100.00,100.00,100.00,100.00,100.00,100.00,100.00,100.00,100.00,100.00,100.00,100.00,100.00,100.00,100.00,100.00,100.00,100.00,100.00,100.00,100.00,100.00,100.00,100.00,100.00,100.00,100.00,100.00,100.00,100.00
100.00,100.00,100.00,100.00,100.00,100.00,100.00,100.00,100.00,100.00,100.00,100.00,100.00,100.00,100.00, 3.66, 3.43, 3.26, 3.13, 3.02, 2.93, 2.85, 2.80, 2.75, 2.71, 2.68, 2.66, 2.65, 2.63, 2.62, 2.61, 2.61, 2.61, 2.63, 2.65, 2.70, 2.76, 2.88, 3.04, 3.26,100.00,100.00,100.00,100.00,100.00,100.00,100.00,100.00,100.00,100.00,100.00,100.00,100.00,100.00,100.00,100.00,100.00,100.00,100.00,100.00,100.00,100.00,100.00,100.00,100.00,100.00,100.00,100.00,100.00,100.00,100.00,100.00,100.00,100.00,100.00,100.00,100.00,100.00,100.00,100.00,100.00,100.00,100.00,100.00,100.00,100.00,100.00,100.00,100.00,100.00,100.00,100.00,100.00,100.00,100.00,100.00
100.00,100.00,100.00,100.00,100.00,100.00,100.00,100.00,100.00,100.00,100.00,100.00,100.00,100.00,100.00, 3.73, 3.51, 3.34, 3.20, 3.09, 3.00, 2.93, 2.87, 2.82, 2.79, 2.76, 2.74, 2.72, 2.70, 2.69, 2.67, 2.67, 2.66, 2.67, 2.70, 2.73, 2.79, 2.88, 3.04, 3.25,100.00,100.00,100.00,100.00,100.00,100.00,100.00,100.00,100.00,100.00,100.00,100.00,100.00,100.00,100.00,100.00,100.00,100.00,100.00,100.00,100.00,100.00,100.00,100.00,100.00,100.00,100.00,100.00,100.00,100.00,100.00,100.00,100.00,100.00,100.00,100.00,100.00,100.00,100.00,100.00,100.00,100.00,100.00,100.00,100.00,100.00,100.00,100.00,100.00,100.00,100.00,100.00,100.00,100.00,100.00,100.00
100.00,100.00,100.00,100.00,100.00,100.00,100.00,100.00,100.00,100.00,100.00,100.00,100.00,100.00,100.00, 3.82, 3.60, 3.42, 3.29, 3.18, 3.09, 3.02, 2.96, 2.91, 2.87, 2.85, 2.83, 2.80, 2.78, 2.76, 2.74, 2.73, 2.72, 2.72, 2.74, 2.77, 2.83, 2.91, 3.04, 3.25,100.00,100.00,100.00,100.00,100.00,100.00,100.00,100.00,100.00,100.00,100.00,100.00,100.00,100.00,100.00,100.00,100.00,100.00,100.00,100.00,100.00,100.00,100.00,100.00,100.00,100.00,100.00,100.00,100.00,100.00,100.00,100.00,100.00,100.00,100.00,100.00,100.00,100.00,100.00,100.00,100.00,100.00,100.00,100.00,100.00,100.00,100.00,100.00,100.00,100.00,100.00,100.00,100.00,100.00,100.00,100.00
100.00,100.00,100.00,100.00,100.00,100.00,100.00,100.00,100.00,100.00,100.00,100.00,100.00,100.00,100.00, 3.92, 3.70, 3.52, 3.39, 3.28, 3.19, 3.12, 3.06, 3.01, 2.98, 2.95, 2.93, 2.90, 2.88, 2.85, 2.82, 2.80, 2.78, 2.78, 2.79, 2.81, 2.86, 2.95, 3.07, 3.26,100.00,100.00,100.00,100.00,100.00,100.00,100.00,100.00,100.00,100.00,100.00,100.00,100.00,100.00,100.00,100.00,100.00,100.00,100.00,100.00,100.00,100.00,100.00,100.00,100.00,100.00,100.00,100.00,100.00,100.00,100.00,100.00,100.00,100.00,100.00,100.00,100.00,100.00,100.00,100.00,100.00,100.00,100.00,100.00,100.00,100.00,100.00,100.00,100.00,100.00,100.00,100.00,100.00,100.00,100.00,100.00
100.00,100.00,100.00,100.00,100.00,100.00,100.00,100.00,100.00,100.00,100.00,100.00,100.00,100.00,100.00, 4.04, 3.82, 3.65, 3.51, 3.40, 3.31, 3.24, 3.18, 3.13, 3.10, 3.07, 3.05, 3.02, 2.98, 2.94, 2.90, 2.87, 2.84, 2.83, 2.83, 2.85, 2.90, 2.97, 3.09, 3.28,100.00,100.00,100.00,100.00,100.00,100.00,100.00,100.00,100.00,100.00,100.00,100.00,100.00,100.00,100.00,100.00,100.00,100.00,100.00,100.00,100.00,100.00,100.00,100.00,100.00,100.00,100.00,100.00,100.00,100.00,100.00,100.00,100.00,100.00,100.00,100.00,100.00,100.00,100.00,100.00,100.00,100.00,100.00,100.00,100.00,100.00,100.00,100.00,100.00,100.00,100.00,100.00,100.00,100.00,100.00,100.00
100.00,100.00,100.00,100.00,100.00,100.00,100.00,100.00,100.00,100.00,100.00,100.00,100.00,100.00,100.00, 4.19, 3.97, 3.79, 3.66, 3.55, 3.46, 3.39, 3.33, 3.28, 3.25, 3.22, 3.20, 3.16, 3.11, 3.06, 3.00, 2.95, 2.91, 2.89, 2.88, 2.89, 2.93, 3.00, 3.12, 3.30,100.00,100.00,100.00,100.00,100.00,100.00,100.00,100.00,100.00,100.00,100.00,100.00,100.00,100.00,100.00,100.00,100.00,100.00,100.00,100.00,100.00,100.00,100.00,100.00,100.00,100.00,100.00,100.00,100.00,100.00,100.00,100.00,100.00,100.00,100.00,100.00,100.00,100.00,100.00,100.00,100.00,100.00,100.00,100.00,100.00,100.00,100.00,100.00,100.00,100.00,100.00,100.00,100.00,100.00,100.00,100.00
100.00,100.00,100.00,100.00,100.00,100.00,100.00,100.00,100.00,100.00,100.00,100.00,100.00,100.00,100.00, 4.38, 4.15, 3.98, 3.85, 3.74, 3.65, 3.58, 3.52, 3.47, 3.43, 3.40, 3.38, 3.33, 3.26, 3.18, 3.11, 3.04, 2.98, 2.94, 2.93, 2.93, 2.96, 3.03, 3.14, 3.32,100.00,100.00,100.00,100.00,100.00,100.00,100.00,100.00,100.00,100.00,100.00,100.00,100.00,100.00,100.00,100.00,100.00,100.00,100.00,100.00,100.00,100.00,100.00,100.00,100.00,100.00,100.00,100.00,100.00,100.00,100.00,100.00,100.00,100.00,100.00,100.00,100.00,100.00,100.00,100.00,100.00,100.00,100.00,100.00,100.00,100.00,100.00,100.00,100.00,100.00,100.00,100.00,100.00,100.00,100.00,100.00
100.00,100.00,100.00,100.00,100.00,100.00,100.00,100.00,100.00,100.00,100.00,100.00,100.00,100.00,100.00, 4.62, 4.40, 4.23, 4.09, 3.98, 3.89, 3.82, 3.76, 3.72, 3.68, 3.65, 3.62, 3.55, 3.45, 3.33, 3.22, 3.13, 3.05, 3.00, 2.97, 2.97, 2.99, 3.06, 3.16, 3.34,100.00,100.00,100.00,100.00,100.00,100.00,100.00,100.00,100.00,100.00,100.00,100.00,100.00,100.00,100.00,100.00,100.00,100.00,100.00,100.00,100.00,100.00,100.00,100.00,100.00,100.00,100.00,100.00,100.00,100.00,100.00,100.00,100.00,100.00,100.00,100.00,100.00,100.00,100.00,100.00,100.00,100.00,100.00,100.00,100.00,100.00,100.00,100.00,100.00,100.00,100.00,100.00,100.00,100.00,100.00,100.00
100.00,100.00,100.00,100.00,100.00,100.00,100.00,100.00,100.00,100.00,100.00,100.00,100.00,100.00,100.00,100.00,100.00,100.00,100.00,100.00,100.00,100.00,100.00,100.00,100.00,100.00,100.00,100.00, 3.68, 3.50, 3.35, 3.22, 3.12, 3.05, 3.01, 3.00, 3.02, 3.08, 3.18, 3.35,100.00,100.00,100.00,100.00,100.00,100.00,100.00,100.00,100.00,100.00,100.00,100.00,100.00,100.00,100.00,100.00,100.00,100.00,100.00,100.00,100.00,100.00,100.00,100.00,100.00,100.00,100.00,100.00,100.00,100.00,100.00,100.00,100.00,100.00,100.00,100.00,100.00,100.00,100.00,100.00,100.00,100.00,100.00,100.00,100.00,100.00,100.00,100.00,100.00,100.00,100.00,100.00,100.00,100.00,100.00,100.00
100.00,100.00,100.00,100.00,100.00,100.00,100.00,100.00,100.00,100.00,100.00,100.00,100.00,100.00,100.00,100.00,100.00,100.00,100.00,100.00,100.00,100.00,100.00,100.00,100.00,100.00,100.00,100.00,100.00, 3.68, 3.47, 3.30, 3.18, 3.10, 3.05, 3.03, 3.04, 3.09, 3.19, 3.36,100.00,100.00,100.00,100.00,100.00,100.00,100.00,100.00,100.00,100.00,100.00,100.00,100.00,100.00,100.00,100.00,100.00,100.00,100.00,100.00,100.00,100.00,100.00,100.00,100.00,100.00,100.00,100.00,100.00,100.00,100.00,100.00,100.00,100.00,100.00,100.00,100.00,100.00,100.00,100.00,100.00,100.00,100.00,100.00,100.00,100.00,100.00,100.00,100.00,100.00,100.00,100.00,100.00,100.00,100.00,100.00
100.00,100.00,100.00,100.00,100.00,100.00,100.00,100.00,100.00,100.00,100.00,100.00,100.00,100.00,100.00,100.00,100.00,100.00,100.00,100.00,100.00,100.00,100.00,100.00,100.00,100.00,100.00,100.00,100.00,100.00, 3.57, 3.37, 3.23, 3.13, 3.07, 3.05, 3.06, 3.11, 3.20, 3.37,100.00,100.00,100.00,100.00,100.00,100.00,100.00,100.00,100.00,100.00,100.00,100.00,100.00,100.00,100.00,100.00,100.00,100.00,100.00,100.00,100.00,100.00,100.00,100.00,100.00,100.00,100.00,100.00,100.00,100.00,100.00,100.00,100.00,100.00,100.00,100.00,100.00,100.00,100.00,100.00,100.00,100.00,100.00,100.00,100.00,100.00,100.00,100.00,100.00,100.00,100.00,100.00,100.00,100.00,100.00,100.00
100.00,100.00,100.00,100.00,100.00,100.00,100.00,100.00,100.00,100.00,100.00,100.00,100.00,100.00,100.00,100.00,100.00,100.00,100.00,100.00,100.00,100.00,100.00,100.00,100.00,100.00,100.00,100.00,100.00,100.00, 3.63, 3.40, 3.25, 3.15, 3.08, 3.05, 3.06, 3.11, 3.20, 3.37,100.00,100.00,100.00,100.00,100.00,100.00,100.00,100.00,100.00,100.00,100.00,100.00,100.00,100.00,100.00,100.00,100.00,100.00,100.00,100.00,100.00,100.00,100.00,100.00,100.00,100.00,100.00,100.00,100.00,100.00,100.00,100.00,100.00,100.00,100.00,100.00,100.00,100.00,100.00,100.00,100.00,100.00,100.00,100.00,100.00,100.00,100.00,100.00,100.00,100.00,100.00,100.00,100.00,100.00,100.00,100.00
100.00,100.00,100.00,100.00,100.00,100.00,100.00,100.00,100.00,100.00,100.00,100.00,100.00,100.00,100.00,100.00,100.00,100.00,100.00,100.00,100.00,100.00,100.00,100.00,100.00,100.00,100.00,100.00,100.00,100.00, 3.63, 3.40, 3.25, 3.14, 3.07, 3.04, 3.04, 3.08, 3.17, 3.31,100.00,100.00,100.00,100.00,100.00,100.00,100.00,100.00,100.00,100.00,100.00,100.00,100.00,100.00,100.00,100.00,100.00,100.00,100.00,100.00,100.00,100.00,100.00,100.00,100.00,100.00,100.00,100.00,100.00,100.00,100.00,100.00,100.00,100.00,100.00,100.00,100.00,100.00,100.00,100.00,100.00,100.00,100.00,100.00,100.00,100.00,100.00,100.00,100.00,100.00,100.00,100.00,100.00,100.00,100.00,100.00
100.00,100.00,100.00,100.00,100.00,100.00,100.00,100.00,100.00,100.00,100.00,100.00,100.00,100.00,100.00,100.00,100.00,100.00,100.00,100.00,100.00,100.00,100.00,100.00,100.00,100.00,100.00,100.00,100.00,100.00, 3.62, 3.39, 3.24, 3.13, 3.05, 3.02, 3.01, 3.04, 3.10, 3.21, 3.36,100.00,100.00,100.00,100.00,100.00,100.00,100.00,100.00,100.00,100.00,100.00,100.00,100.00,100.00,100.00,100.00,100.00,100.00,100.00,100.00,100.00,100.00,100.00,100.00,100.00,100.00,100.00,100.00,100.00,100.00,100.00,100.00,100.00,100.00,100.00,100.00,100.00,100.00,100.00,100.00,100.00,100.00,100.00,100.00,100.00,100.00,100.00,100.00,100.00,100.00,100.00,100.00,100.00,100.00,100.00
100.00,100.00,100.00,100.00,100.00,100.00,100.00,100.00,100.00,100.00,100.00,100.00,100.00,100.00,100.00,100.00,100.00,100.00,100.00,100.00,100.00,100.00,100.00,100.00,100.00,100.00,100.00,100.00,100.00,100.00, 3.61, 3.38, 3.22, 3.11, 3.03, 2.98, 2.97, 2.98, 3.02, 3.09, 3.18, 3.29,100.00,100.00,100.00,100.00,100.00,100.00,100.00,100.00,100.00,100.00,100.00,100.00,100.00,100.00,100.00,100.00,100.00,100.00,100.00,100.00,100.00,100.00,100.00,100.00,100.00,100.00,100.00,100.00,100.00,100.00,100.00,100.00,100.00,100.00,100.00,100.00,100.00,100.00,100.00,100.00,100.00,100.00,100.00,100.00,100.00,100.00,100.00,100.00,100.00,100.00,100.00,100.00,100.00,100.00
100.00,100.00,100.00,100.00,100.00,100.00,100.00,100.00,100.00,100.00,100.00,100.00,100.00,100.00,100.00,100.00,100.00,100.00,100.00,100.00,100.00,100.00,100.00,100.00,100.00,100.00,100.00,100.00,100.00,100.00, 3.60, 3.36, 3.20, 3.08, 3.00, 2.94, 2.92, 2.91, 2.93, 2.96, 3.01, 3.07, 3.10, 3.11, 3.06, 3.01, 2.96, 2.92, 2.89, 2.88, 2.88, 2.87, 2.87, 2.87, 2.87, 2.87, 2.88, 2.91, 2.93, 2.96, 2.98, 3.01, 3.04, 3.07, 3.11, 3.14, 3.18, 3.23, 3.27, 3.32, 3.38, 3.44, 3.51, 3.58, 3.67, 3.76, 3.88, 4.01, 4.16, 4.36, 4.60,100.00,100.00,100.00,100.00,100.00,100.00,100.00,100.00,100.00,100.00,100.00,100.00,100.00,100.00,100.00
100.00,100.00,100.00,100.00,100.00,100.00,100.00,100.00,100.00,100.00,100.00,100.00,100.00,100.00,100.00,100.00,100.00,100.00,100.00,100.00,100.00,100.00,100.00,100.00,100.00,100.00,100.00,100.00,100.00,100.00, 3.58, 3.34, 3.17, 3.05, 2.96, 2.90, 2.86, 2.84, 2.84, 2.85, 2.86, 2.88, 2.88, 2.86, 2.81, 2.76, 2.72, 2.67, 2.64, 2.64, 2.63, 2.62, 2.62, 2.62, 2.62, 2.62, 2.64, 2.66, 2.68, 2.71, 2.74, 2.76, 2.79, 2.83, 2.86, 2.90, 2.94, 2.98, 3.03, 3.08, 3.13, 3.19, 3.26, 3.34, 3.42, 3.52, 3.63, 3.76, 3.92, 4.11, 4.35,100.00,100.00,100.00,100.00,100.00,100.00,100.00,100.00,100.00,100.00,100.00,100.00,100.00,100.00,100.00
100.00,100.00,100.00,100.00,100.00,100.00,100.00,100.00,100.00,100.00,100.00,100.00,100.00,100.00,100.00,100.00,100.00,100.00,100.00,100.00,100.00,100.00,100.00,100.00,100.00,100.00,100.00,100.00,100.00,100.00, 3.56, 3.32, 3.15, 3.02, 2.92, 2.85, 2.80, 2.77, 2.75, 2.74, 2.73, 2.73, 2.71, 2.68, 2.63, 2.58, 2.53, 2.48, 2.46, 2.45, 2.44, 2.44, 2.43, 2.43, 2.43, 2.44, 2.45, 2.47, 2.50, 2.52, 2.55, 2.58, 2.61, 2.64, 2.67, 2.71, 2.75, 2.79, 2.84, 2.89, 2.94, 3.01, 3.07, 3.15, 3.23, 3.33, 3.44, 3.57, 3.73, 3.92, 4.16,100.00,100.00,100.00,100.00,100.00,100.00,100.00,100.00,100.00,100.00,100.00,100.00,100.00,100.00,100.00
100.00,100.00,100.00,100.00,100.00,100.00,100.00,100.00,100.00,100.00,100.00,100.00,100.00,100.00,100.00,100.00,100.00,100.00,100.00,100.00,100.00,100.00,100.00,100.00,100.00,100.00,100.00,100.00,100.00,100.00, 3.54, 3.30, 3.12, 2.98, 2.88, 2.80, 2.75, 2.70, 2.67, 2.64, 2.62, 2.60, 2.57, 2.53, 2.48, 2.43, 2.38, 2.34, 2.31, 2.30, 2.29, 2.29, 2.29, 2.28, 2.29, 2.29, 2.30, 2.32, 2.35, 2.37, 2.40, 2.43, 2.46, 2.49, 2.52, 2.56, 2.60, 2.64, 2.69, 2.74, 2.80, 2.86, 2.92, 3.00, 3.09, 3.18, 3.29, 3.43, 3.58, 3.77, 4.02,100.00,100.00,100.00,100.00,100.00,100.00,100.00,100.00,100.00,100.00,100.00,100.00,100.00,100.00,100.00
100.00,100.00,100.00,100.00,100.00,100.00,100.00,100.00,100.00,100.00,100.00,100.00,100.00,100.00,100.00,100.00,100.00,100.00,100.00,100.00,100.00,100.00,100.00,100.00,100.00,100.00,100.00,100.00,100.00,100.00, 3.52, 3.27, 3.09, 2.95, 2.84, 2.76, 2.69, 2.64, 2.60, 2.56, 2.53, 2.49, 2.45, 2.41, 2.36, 2.31, 2.26, 2.21, 2.19, 2.18, 2.17, 2.17, 2.16, 2.16, 2.16, 2.17, 2.18, 2.20, 2.23, 2.25, 2.28, 2.31, 2.34, 2.37, 2.40, 2.44, 2.48, 2.52, 2.57, 2.62, 2.67, 2.74, 2.80, 2.88, 2.96, 3.06, 3.17, 3.30, 3.46, 3.65, 3.89,100.00,100.00,100.00,100.00,100.00,100.00,100.00,100.00,100.00,100.00,100.00,100.00,100.00,100.00,100.00
100.00,100.00,100.00,100.00,100.00,100.00,100.00,100.00,100.00,100.00,100.00,100.00,100.00,100.00,100.00,100.00,100.00,100.00,100.00,100.00,100.00,100.00,100.00,100.00,100.00,100.00,100.00,100.00,100.00,100.00, 3.50, 3.25, 3.06, 2.92, 2.80, 2.71, 2.64, 2.58, 2.53, 2.48, 2.44, 2.40, 2.35, 2.31, 2.25, 2.20, 2.16, 2.11, 2.09, 2.08, 2.07, 2.07, 2.06, 2.06, 2.06, 2.07, 2.08, 2.10, 2.13, 2.15, 2.18, 2.21, 2.24, 2.27, 2.30, 2.34, 2.38, 2.42, 2.47, 2.52, 2.57, 2.63, 2.70, 2.78, 2.86, 2.96, 3.07, 3.20, 3.36, 3.55, 3.79,100.00,100.00,100.00,100.00,100.00,100.00,100.00,100.00,100.00,100.00,100.00,100.00,100.00,100.00,100.00
100.00,100.00,100.00,100.00,100.00,100.00,100.00,100.00,100.00,100.00,100.00,100.00,100.00,100.00,100.00,100.00,100.00,100.00,100.00,100.00,100.00,100.00,100.00,100.00,100.00,100.00,100.00,100.00,100.00,100.00, 3.49, 3.24, 3.05, 2.90, 2.78, 2.68, 2.60, 2.53, 2.47, 2.41, 2.37, 2.32, 2.27, 2.22, 2.17, 2.12, 2.07, 2.03, 2.00, 1.99, 1.98, 1.98, 1.98, 1.98, 1.98, 1.98, 1.99, 2.01, 2.04, 2.06, 2.09, 2.12, 2.15, 2.18, 2.22, 2.25, 2.29, 2.33, 2.38, 2.43, 2.49, 2.55, 2.61, 2.69, 2.78, 2.87, 2.98, 3.12, 3.27, 3.46, 3.71,100.00,100.00,100.00,100.00,100.00,100.00,100.00,100.00,100.00,100.00,100.00,100.00,100.00,100.00,100.00
100.00,100.00,100.00,100.00,100.00,100.00,100.00,100.00,100.00,100.00,100.00,100.00,100.00,100.00,100.00,100.00,100.00,100.00,100.00,100.00,100.00,100.00,100.00,100.00,100.00,100.00,100.00,100.00,100.00,100.00, 3.49, 3.23, 3.04, 2.89, 2.76, 2.66, 2.57, 2.50, 2.43, 2.37, 2.31, 2.25, 2.20, 2.15, 2.09, 2.04, 2.00, 1.95, 1.92, 1.92, 1.91, 1.90, 1.90, 1.90, 1.90, 1.90, 1.92, 1.94, 1.96, 1.99, 2.02, 2.04, 2.07, 2.11, 2.14, 2.18, 2.22, 2.26, 2.31, 2.36, 2.41, 2.47, 2.54, 2.62, 2.70, 2.80, 2.91, 3.04, 3.20, 3.39, 3.63,100.00,100.00,100.00,100.00,100.00,100.00,100.00,100.00,100.00,100.00,100.00,100.00,100.00,100.00,100.00
100.00,100.00,100.00,100.00,100.00,100.00,100.00,100.00,100.00,100.00,100.00,100.00,100.00,100.00,100.00,100.00,100.00,100.00,100.00,100.00,100.00,100.00,100.00,100.00,100.00,100.00,100.00,100.00,100.00,100.00, 3.48, 3.23, 3.03, 2.87, 2.75, 2.64, 2.55, 2.47, 2.39, 2.33, 2.26, 2.20, 2.14, 2.08, 2.03, 1.98, 1.93, 1.89, 1.86, 1.85, 1.84, 1.84, 1.83, 1.83, 1.84, 1.84, 1.85, 1.87, 1.90, 1.92, 1.95, 1.98, 2.01, 2.04, 2.07, 2.11, 2.15, 2.19, 2.24, 2.29, 2.35, 2.41, 2.47, 2.55, 2.63, 2.73, 2.84, 2.97, 3.13, 3.32, 3.56,100.00,100.00,100.00,100.00,100.00,100.00,100.00,100.00,100.00,100.00,100.00,100.00,100.00,100.00,100.00
100.00,100.00,100.00,100.00,100.00,100.00,100.00,100.00,100.00,100.00,100.00,100.00,100.00,100.00,100.00,100.00,100.00,100.00,100.00,100.00,100.00,100.00,100.00,100.00,100.00,100.00,100.00,100.00,100.00,100.00, 3.48, 3.22, 3.03, 2.87, 2.74, 2.63, 2.53, 2.45, 2.37, 2.30, 2.24, 2.17, 2.11, 2.05, 1.98, 1.92, 1.87, 1.83, 1.80, 1.79, 1.78, 1.78, 1.78, 1.78, 1.78, 1.78, 1.79, 1.82, 1.84, 1.86, 1.89, 1.92, 1.95, 1.98, 2.02, 2.05, 2.09, 2.13, 2.18, 2.23, 2.29, 2.35, 2.42, 2.49, 2.58, 2.67, 2.78, 2.92, 3.07, 3.26, 3.51,100.00,100.00,100.00,100.00,100.00,100.00,100.00,100.00,100.00,100.00,100.00,100.00,100.00,100.00,100.00
100.00,100.00,100.00,100.00,100.00,100.00,100.00,100.00,100.00,100.00,100.00,100.00,100.00,100.00,100.00,100.00,100.00,100.00,100.00,100.00,100.00,100.00,100.00,100.00,100.00,100.00,100.00,100.00,100.00,100.00, 3.44, 3.20, 3.01, 2.86, 2.73, 2.62, 2.52, 2.44, 2.36, 2.29, 2.22, 2.15, 2.09, 2.02, 1.96, 1.90, 1.84, 1.78, 1.75, 1.74, 1.73, 1.73, 1.72, 1.72, 1.72, 1.73, 1.74, 1.76, 1.79, 1.81, 1.84, 1.87, 1.90, 1.93, 1.96, 2.00, 2.04, 2.08, 2.13, 2.18, 2.23, 2.30, 2.36, 2.44, 2.52, 2.62, 2.73, 2.86, 3.02, 3.21, 3.45,100.00,100.00,100.00,100.00,100.00,100.00,100.00,100.00,100.00,100.00,100.00,100.00,100.00,100.00,100.00
100.00,100.00,100.00,100.00,100.00,100.00,100.00,100.00,100.00,100.00,100.00,100.00,100.00,100.00,100.00,100.00,100.00,100.00,100.00,100.00,100.00,100.00,100.00,100.00,100.00,100.00,100.00,100.00,100.00, 3.60, 3.36, 3.15, 2.98, 2.84, 2.72, 2.61, 2.51, 2.43, 2.35, 2.28, 2.21, 2.14, 2.07, 2.01, 1.94, 1.88, 1.82, 1.76, 1.72, 1.70, 1.69, 1.68, 1.67, 1.67, 1.68, 1.68, 1.69, 1.72, 1.74, 1.76, 1.79, 1.82, 1.85, 1.88, 1.92, 1.95, 1.99, 2.04, 2.08, 2.13, 2.19, 2.25, 2.32, 2.39, 2.48, 2.57, 2.69, 2.82, 2.97, 3.16, 3.41,100.00,100.00,100.00,100.00,100.00,100.00,100.00,100.00,100.00,100.00,100.00,100.00,100.00,100.00,100.00
100.00,100.00,100.00,100.00,100.00,100.00,100.00,100.00,100.00,100.00,100.00,100.00,100.00,100.00,100.00,100.00,100.00,100.00,100.00,100.00,100.00,100.00,100.00,100.00,100.00,100.00,100.00,100.00, 3.65, 3.45, 3.26, 3.09, 2.94, 2.81, 2.70, 2.60, 2.50, 2.42, 2.34, 2.27, 2.20, 2.13, 2.06, 1.99, 1.93, 1.87, 1.81, 1.75, 1.70, 1.68, 1.66, 1.65, 1.64, 1.63, 1.63, 1.63, 1.65, 1.67, 1.70, 1.72, 1.75, 1.78, 1.81, 1.84, 1.87, 1.91, 1.95, 1.99, 2.04, 2.09, 2.14, 2.21, 2.27, 2.35, 2.43, 2.53, 2.64, 2.77, 2.93, 3.12, 3.36,100.00,100.00,100.00,100.00,100.00,100.00,100.00,100.00,100.00,100.00,100.00,100.00,100.00,100.00,100.00
100.00,100.00,100.00,100.00,100.00,100.00,100.00,100.00,100.00,100.00,100.00,100.00,100.00,100.00,100.00, 4.78, 4.54, 4.36, 4.21, 4.09, 3.99, 3.92, 3.85, 3.80, 3.75, 3.71, 3.67, 3.58, 3.45, 3.31, 3.16, 3.03, 2.90, 2.78, 2.68, 2.58, 2.49, 2.41, 2.33, 2.26, 2.19, 2.12, 2.05, 1.99, 1.92, 1.86, 1.80, 1.74, 1.69, 1.67, 1.64, 1.63, 1.62, 1.61, 1.60, 1.59, 1.61, 1.63, 1.66, 1.68, 1.71, 1.74, 1.77, 1.80, 1.83, 1.87, 1.91, 1.95, 2.00, 2.05, 2.11, 2.17, 2.23, 2.31, 2.39, 2.49, 2.60, 2.73, 2.89, 3.08, 3.32,100.00,100.00,100.00,100.00,100.00,100.00,100.00,100.00,100.00,100.00,100.00,100.00,100.00,100.00,100.00
100.00,100.00,100.00,100.00,100.00,100.00,100.00,100.00,100.00,100.00,100.00,100.00,100.00,100.00,100.00, 4.57, 4.34, 4.15, 4.01, 3.88, 3.78, 3.71, 3.64, 3.59, 3.54, 3.50, 3.46, 3.39, 3.30, 3.19, 3.08, 2.96, 2.85, 2.75, 2.65, 2.56, 2.48, 2.40, 2.32, 2.25, 2.18, 2.11, 2.05, 1.98, 1.91, 1.85, 1.79, 1.73, 1.68, 1.66, 1.63, 1.61, 1.59, 1.58, 1.58, 1.57, 1.58, 1.60, 1.62, 1.65, 1.67, 1.70, 1.73, 1.76, 1.80, 1.84, 1.87, 1.92, 1.96, 2.01, 2.07, 2.13, 2.20, 2.27, 2.36, 2.46, 2.57, 2.70, 2.86, 3.05, 3.29,100.00,100.00,100.00,100.00,100.00,100.00,100.00,100.00,100.00,100.00,100.00,100.00,100.00,100.00,100.00
100.00,100.00,100.00,100.00,100.00,100.00,100.00,100.00,100.00,100.00,100.00,100.00,100.00,100.00,100.00, 4.43, 4.19, 4.01, 3.87, 3.74, 3.64, 3.56, 3.49, 3.44, 3.39, 3.35, 3.31, 3.25, 3.18, 3.10, 3.00, 2.91, 2.81, 2.72, 2.63, 2.55, 2.47, 2.39, 2.32, 2.25, 2.18, 2.11, 2.04, 1.98, 1.91, 1.85, 1.78, 1.72, 1.68, 1.65, 1.62, 1.60, 1.58, 1.56, 1.56, 1.55, 1.56, 1.58, 1.59, 1.61, 1.64, 1.67, 1.70, 1.73, 1.77, 1.80, 1.84, 1.88, 1.93, 1.98, 2.04, 2.10, 2.16, 2.24, 2.33, 2.42, 2.53, 2.67, 2.82, 3.01, 3.26,100.00,100.00,100.00,100.00,100.00,100.00,100.00,100.00,100.00,100.00,100.00,100.00,100.00,100.00,100.00
100.00,100.00,100.00,100.00,100.00,100.00,100.00,100.00,100.00,100.00,100.00,100.00,100.00,100.00,100.00, 4.33, 4.09, 3.91, 3.77, 3.65, 3.55, 3.46, 3.39, 3.33, 3.28, 3.24, 3.21, 3.16, 3.09, 3.02, 2.95, 2.86, 2.78, 2.70, 2.62, 2.54, 2.46, 2.39, 2.32, 2.25, 2.18, 2.11, 2.05, 1.98, 1.91, 1.85, 1.78, 1.72, 1.68, 1.65, 1.62, 1.59, 1.57, 1.55, 1.54, 1.54, 1.55, 1.56, 1.57, 1.59, 1.61, 1.64, 1.67, 1.70, 1.73, 1.77, 1.81, 1.85, 1.90, 1.95, 2.01, 2.07, 2.13, 2.21, 2.29, 2.39, 2.50, 2.64, 2.79, 2.98, 3.22,100.00,100.00,100.00,100.00,100.00,100.00,100.00,100.00,100.00,100.00,100.00,100.00,100.00,100.00,100.00
100.00,100.00,100.00,100.00,100.00,100.00,100.00,100.00,100.00,100.00,100.00,100.00,100.00,100.00,100.00, 4.26, 4.03, 3.85, 3.70, 3.58, 3.48, 3.39, 3.32, 3.26, 3.21, 3.17, 3.13, 3.08, 3.03, 2.97, 2.90, 2.83, 2.76, 2.68, 2.61, 2.53, 2.46, 2.39, 2.32, 2.25, 2.18, 2.12, 2.05, 1.98, 1.92, 1.85, 1.79, 1.72, 1.68, 1.65, 1.62, 1.59, 1.57, 1.54, 1.52, 1.53, 1.54, 1.55, 1.56, 1.57, 1.59, 1.61, 1.64, 1.67, 1.71, 1.74, 1.78, 1.83, 1.87, 1.92, 1.98, 2.04, 2.11, 2.18, 2.27, 2.36, 2.48, 2.61, 2.76, 2.95, 3.20,100.00,100.00,100.00,100.00,100.00,100.00,100.00,100.00,100.00,100.00,100.00,100.00,100.00,100.00,100.00
100.00,100.00,100.00,100.00,100.00,100.00,100.00,100.00,100.00,100.00,100.00,100.00,100.00,100.00,100.00, 4.21, 3.98, 3.80, 3.66, 3.54, 3.44, 3.35, 3.28, 3.21, 3.16, 3.12, 3.08, 3.04, 2.99, 2.93, 2.88, 2.81, 2.75, 2.68, 2.61, 2.53, 2.46, 2.39, 2.33, 2.26, 2.19, 2.13, 2.06, 1.99, 1.92, 1.86, 1.79, 1.73, 1.68, 1.65, 1.62, 1.59, 1.56, 1.54, 1.52, 1.52, 1.52, 1.53, 1.55, 1.56, 1.57, 1.59, 1.61, 1.65, 1.68, 1.72, 1.76, 1.80, 1.85, 1.90, 1.95, 2.01, 2.08, 2.15, 2.24, 2.34, 2.45, 2.58, 2.74, 2.93, 3.17,100.00,100.00,100.00,100.00,100.00,100.00,100.00,100.00,100.00,100.00,100.00,100.00,100.00,100.00,100.00
100.00,100.00,100.00,100.00,100.00,100.00,100.00,100.00,100.00,100.00,100.00,100.00,100.00,100.00,100.00, 4.18, 3.95, 3.77, 3.63, 3.51, 3.41, 3.33, 3.26, 3.19, 3.14, 3.09, 3.05, 3.01, 2.97, 2.92, 2.86, 2.81, 2.74, 2.68, 2.61, 2.54, 2.47, 2.41, 2.34, 2.27, 2.20, 2.14, 2.07, 2.00, 1.93, 1.87, 1.80, 1.74, 1.69, 1.65, 1.62, 1.59, 1.56, 1.54, 1.52, 1.51, 1.52, 1.52, 1.53, 1.55, 1.56, 1.58, 1.59, 1.62, 1.65, 1.69, 1.73, 1.77, 1.82, 1.87, 1.93, 1.99, 2.05, 2.13, 2.22, 2.31, 2.42, 2.56, 2.71, 2.90, 3.14,100.00,100.00,100.00,100.00,100.00,100.00,100.00,100.00,100.00,100.00,100.00,100.00,100.00,100.00,100.00
100.00,100.00,100.00,100.00,100.00,100.00,100.00,100.00,100.00,100.00,100.00,100.00,100.00,100.00,100.00, 4.17, 3.94, 3.77, 3.62, 3.51, 3.41, 3.33, 3.25, 3.19, 3.14, 3.09, 3.04, 3.00, 2.96, 2.91, 2.87, 2.81, 2.75, 2.69, 2.62, 2.56, 2.49, 2.42, 2.36, 2.29, 2.22, 2.15, 2.09, 2.02, 1.95, 1.88, 1.81, 1.75, 1.69, 1.66, 1.63, 1.60, 1.57, 1.54, 1.52, 1.51, 1.51, 1.52, 1.53, 1.54, 1.55, 1.56, 1.58, 1.60, 1.63, 1.67, 1.71, 1.75, 1.80, 1.85, 1.90, 1.96, 2.03, 2.11, 2.19, 2.29, 2.40, 2.53, 2.69, 2.88, 3.12,100.00,100.00,100.00,100.00,100.00,100.00,100.00,100.00,100.00,100.00,100.00,100.00,100.00,100.00,100.00
100.00,100.00,100.00,100.00,100.00,100.00,100.00,100.00,100.00,100.00,100.00,100.00,100.00,100.00,100.00, 4.17, 3.95, 3.77, 3.63, 3.52, 3.42, 3.34, 3.27, 3.21, 3.15, 3.10, 3.06, 3.01, 2.97, 2.93, 2.88, 2.83, 2.77, 2.71, 2.65, 2.58, 2.52, 2.45, 2.38, 2.31, 2.25, 2.18, 2.11, 2.04, 1.97, 1.90, 1.83, 1.76, 1.71, 1.67, 1.63, 1.60, 1.57, 1.54, 1.53, 1.52, 1.51, 1.51, 1.52, 1.53, 1.54, 1.55, 1.57, 1.59, 1.61, 1.65, 1.69, 1.73, 1.77, 1.83, 1.88, 1.94, 2.01, 2.08, 2.17, 2.27, 2.38, 2.51, 2.67, 2.86, 3.10,100.00,100.00,100.00,100.00,100.00,100.00,100.00,100.00,100.00,100.00,100.00,100.00,100.00,100.00,100.00
100.00,100.00,100.00,100.00,100.00,100.00,100.00,100.00,100.00,100.00,100.00,100.00,100.00,100.00,100.00, 4.19, 3.96, 3.79, 3.65, 3.54, 3.44, 3.36, 3.30, 3.24, 3.18, 3.14, 3.09, 3.05, 3.01, 2.96, 2.91, 2.86, 2.81, 2.75, 2.68, 2.62, 2.55, 2.48, 2.41, 2.34, 2.27, 2.20, 2.13, 2.06, 1.99, 1.92, 1.84, 1.77, 1.72, 1.68, 1.64, 1.61, 1.57, 1.55, 1.54, 1.52, 1.51, 1.51, 1.51, 1.52, 1.53, 1.54, 1.56, 1.58, 1.60, 1.63, 1.67, 1.71, 1.75, 1.80, 1.86, 1.92, 1.99, 2.06, 2.15, 2.25, 2.36, 2.49, 2.65, 2.84, 3.08,100.00,100.00,100.00,100.00,100.00,100.00,100.00,100.00,100.00,100.00,100.00,100.00,100.00,100.00,100.00
100.00,100.00,100.00,100.00,100.00,100.00,100.00,100.00,100.00,100.00,100.00,100.00,100.00,100.00,100.00, 4.22, 4.00, 3.82, 3.69, 3.58, 3.48, 3.40, 3.34, 3.28, 3.23, 3.19, 3.14, 3.10, 3.06, 3.02, 2.97, 2.92, 2.86, 2.79, 2.73, 2.66, 2.59, 2.52, 2.45, 2.38, 2.31, 2.24, 2.16, 2.09, 2.01, 1.94, 1.87, 1.79, 1.73, 1.69, 1.65, 1.62, 1.58, 1.56, 1.55, 1.53, 1.52, 1.51, 1.51, 1.52, 1.53, 1.54, 1.55, 1.57, 1.59, 1.61, 1.65, 1.69, 1.73, 1.79, 1.84, 1.90, 1.97, 2.04, 2.13, 2.23, 2.34, 2.47, 2.63, 2.82, 3.06,100.00,100.00,100.00,100.00,100.00,100.00,100.00,100.00,100.00,100.00,100.00,100.00,100.00,100.00,100.00
100.00,100.00,100.00,100.00,100.00,100.00,100.00,100.00,100.00,100.00,100.00,100.00,100.00,100.00,100.00, 4.27, 4.04, 3.87, 3.74, 3.63, 3.54, 3.46, 3.40, 3.34, 3.29, 3.25, 3.21, 3.17, 3.13, 3.09, 3.05, 3.00, 2.93, 2.86, 2.79, 2.72, 2.65, 2.57, 2.50, 2.42, 2.35, 2.28, 2.20, 2.12, 2.04, 1.97, 1.89, 1.81, 1.75, 1.71, 1.67, 1.63, 1.60, 1.58, 1.56, 1.54, 1.52, 1.51, 1.50, 1.51, 1.52, 1.53, 1.54, 1.56, 1.58, 1.60, 1.63, 1.67, 1.72, 1.77, 1.82, 1.88, 1.95, 2.03, 2.11, 2.21, 2.32, 2.45, 2.61, 2.80, 3.04,100.00,100.00,100.00,100.00,100.00,100.00,100.00,100.00,100.00,100.00,100.00,100.00,100.00,100.00,100.00
100.00,100.00,100.00,100.00,100.00,100.00,100.00,100.00,100.00,100.00,100.00,100.00,100.00,100.00,100.00, 4.33, 4.11, 3.94, 3.80, 3.70, 3.61, 3.54, 3.47, 3.42, 3.38, 3.34, 3.30, 3.26, 3.23, 3.19, 3.15, 3.09, 3.03, 2.96, 2.88, 2.80, 2.72, 2.63, 2.55, 2.48, 2.40, 2.32, 2.24, 2.16, 2.08, 2.00, 1.92, 1.84, 1.77, 1.73, 1.68, 1.64, 1.62, 1.59, 1.57, 1.55, 1.53, 1.51, 1.50, 1.51, 1.51, 1.52, 1.54, 1.55, 1.57, 1.59, 1.61, 1.65, 1.70, 1.75, 1.80, 1.87, 1.93, 2.01, 2.09, 2.19, 2.30, 2.43, 2.59, 2.78, 3.02,100.00,100.00,100.00,100.00,100.00,100.00,100.00,100.00,100.00,100.00,100.00,100.00,100.00,100.00,100.00
100.00,100.00,100.00,100.00,100.00,100.00,100.00,100.00,100.00,100.00,100.00,100.00,100.00,100.00,100.00, 4.41, 4.19, 4.02, 3.89, 3.78, 3.70, 3.63, 3.57, 3.52, 3.48, 3.44, 3.41, 3.38, 3.35, 3.31, 3.27, 3.22, 3.15, 3.07, 2.99, 2.90, 2.81, 2.72, 2.63, 2.55, 2.47, 2.38, 2.30, 2.21, 2.13, 2.04, 1.96, 1.87, 1.80, 1.75, 1.71, 1.67, 1.64, 1.61, 1.59, 1.56, 1.54, 1.53, 1.51, 1.51, 1.52, 1.53, 1.54, 1.55, 1.57, 1.59, 1.61, 1.64, 1.69, 1.74, 1.80, 1.86, 1.92, 2.00, 2.09, 2.18, 2.29, 2.43, 2.58, 2.77, 3.02,100.00,100.00,100.00,100.00,100.00,100.00,100.00,100.00,100.00,100.00,100.00,100.00,100.00,100.00,100.00
100.00,100.00,100.00,100.00,100.00,100.00,100.00,100.00,100.00,100.00,100.00,100.00,100.00,100.00,100.00, 4.51, 4.29, 4.13, 4.00, 3.90, 3.81, 3.75, 3.69, 3.65, 3.61, 3.58, 3.55, 3.52, 3.49, 3.46, 3.42, 3.37, 3.29, 3.20, 3.11, 3.01, 2.91, 2.82, 2.73, 2.64, 2.55, 2.46, 2.37, 2.28, 2.19, 2.10, 2.01, 1.92, 1.84, 1.79, 1.75, 1.71, 1.68, 1.64, 1.62, 1.59, 1.57, 1.55, 1.53, 1.52, 1.53, 1.54, 1.55, 1.56, 1.58, 1.60, 1.62, 1.65, 1.69, 1.74, 1.80, 1.86, 1.92, 2.00, 2.09, 2.18, 2.29, 2.43, 2.58, 2.77, 3.02,100.00,100.00,100.00,100.00,100.00,100.00,100.00,100.00,100.00,100.00,100.00,100.00,100.00,100.00,100.00
100.00,100.00,100.00,100.00,100.00,100.00,100.00,100.00,100.00,100.00,100.00,100.00,100.00,100.00,100.00, 4.64, 4.43, 4.27, 4.14, 4.04, 3.96, 3.90, 3.84, 3.80, 3.77, 3.74, 3.72, 3.70, 3.67, 3.65, 3.61, 3.55, 3.46, 3.36, 3.25, 3.14, 3.03, 2.93, 2.83, 2.73, 2.64, 2.55, 2.45, 2.35, 2.25, 2.16, 2.06, 1.96, 1.89, 1.83, 1.79, 1.75, 1.71, 1.67, 1.64, 1.61, 1.59, 1.57, 1.55, 1.54, 1.54, 1.55, 1.56, 1.57, 1.59, 1.60, 1.63, 1.65, 1.69, 1.74, 1.80, 1.86, 1.92, 2.00, 2.09, 2.18, 2.29, 2.43, 2.58, 2.77, 3.02,100.00,100.00,100.00,100.00,100.00,100.00,100.00,100.00,100.00,100.00,100.00,100.00,100.00,100.00,100.00
100.00,100.00,100.00,100.00,100.00,100.00,100.00,100.00,100.00,100.00,100.00,100.00,100.00,100.00,100.00, 4.82, 4.60, 4.44, 4.32, 4.22, 4.15, 4.09, 4.04, 4.00, 3.98, 3.96, 3.94, 3.92, 3.91, 3.89, 3.85, 3.78, 3.68, 3.55, 3.42, 3.29, 3.17, 3.05, 2.94, 2.84, 2.74, 2.64, 2.54, 2.43, 2.33, 2.22, 2.12, 2.01, 1.94, 1.88, 1.83, 1.78, 1.74, 1.70, 1.67, 1.64, 1.61, 1.59, 1.57, 1.55, 1.55, 1.56, 1.57, 1.58, 1.59, 1.61, 1.63, 1.66, 1.69, 1.74, 1.80, 1.86, 1.92, 2.00, 2.09, 2.18, 2.29, 2.43, 2.58, 2.77, 3.02,100.00,100.00,100.00,100.00,100.00,100.00,100.00,100.00,100.00,100.00,100.00,100.00,100.00,100.00,100.00
100.00,100.00,100.00,100.00,100.00,100.00,100.00,100.00,100.00,100.00,100.00,100.00,100.00,100.00,100.00, 5.05, 4.84, 4.68, 4.56, 4.47, 4.39, 4.34, 4.30, 4.27, 4.25, 4.23, 4.23, 4.22, 4.21, 4.20, 4.17, 4.08, 3.94, 3.78, 3.62, 3.46, 3.32, 3.19, 3.07, 2.96, 2.85, 2.75, 2.64, 2.52, 2.40, 2.29, 2.17, 2.09, 2.01, 1.93, 1.87, 1.82, 1.77, 1.73, 1.69, 1.66, 1.63, 1.60, 1.58, 1.56, 1.56, 1.57, 1.58, 1.59, 1.60, 1.62, 1.64, 1.66, 1.69, 1.74, 1.80, 1.86, 1.92, 2.00, 2.09, 2.18, 2.29, 2.43, 2.58, 2.77, 3.02,100.00,100.00,100.00,100.00,100.00,100.00,100.00,100.00,100.00,100.00,100.00,100.00,100.00,100.00,100.00
100.00,100.00,100.00,100.00,100.00,100.00,100.00,100.00,100.00,100.00,100.00,100.00,100.00,100.00,100.00,100.00,100.00,100.00,100.00,100.00,100.00,100.00,100.00,100.00,100.00,100.00,100.00,100.00,100.00,100.00,100.00,100.00, 4.26, 4.05, 3.84, 3.65, 3.49, 3.34, 3.21, 3.09, 2.98, 2.87, 2.75, 2.62, 2.49, 2.36, 2.26, 2.17, 2.08, 1.99, 1.91, 1.86, 1.80, 1.76, 1.72, 1.68, 1.65, 1.62, 1.60, 1.58, 1.57, 1.58, 1.58, 1.59, 1.61, 1.62, 1.64, 1.67, 1.70, 1.74, 1.80, 1.86, 1.92, 2.00, 2.09, 2.18, 2.29, 2.43, 2.58, 2.77, 3.02,100.00,100.00,100.00,100.00,100.00,100.00,100.00,100.00,100.00,100.00,100.00,100.00,100.00,100.00,100.00
100.00,100.00,100.00,100.00,100.00,100.00,100.00,100.00,100.00,100.00,100.00,100.00,100.00,100.00,100.00,100.00,100.00,100.00,100.00,100.00,100.00,100.00,100.00,100.00,100.00,100.00,100.00,100.00,100.00,100.00,100.00,100.00,100.00, 4.35, 4.09, 3.86, 3.68, 3.52, 3.37, 3.25, 3.14, 3.01, 2.87, 2.73, 2.58, 2.46, 2.35, 2.25, 2.15, 2.05, 1.97, 1.89, 1.83, 1.78, 1.74, 1.70, 1.66, 1.63, 1.61, 1.59, 1.58, 1.58, 1.59, 1.60, 1.61, 1.63, 1.65, 1.67, 1.70, 1.74, 1.80, 1.86, 1.92, 2.00, 2.09, 2.18, 2.29, 2.43, 2.58, 2.77, 3.02,100.00,100.00,100.00,100.00,100.00,100.00,100.00,100.00,100.00,100.00,100.00,100.00,100.00,100.00,100.00
100.00,100.00,100.00,100.00,100.00,100.00,100.00,100.00,100.00,100.00,100.00,100.00,100.00,100.00,100.00,100.00,100.00,100.00,100.00,100.00,100.00,100.00,100.00,100.00,100.00,100.00,100.00,100.00,100.00,100.00,100.00,100.00,100.00,100.00, 4.35, 4.10, 3.89, 3.72, 3.57, 3.44, 3.32, 3.18, 3.02, 2.85, 2.71, 2.57, 2.44, 2.32, 2.21, 2.11, 2.02, 1.94, 1.86, 1.80, 1.76, 1.71, 1.68, 1.65, 1.62, 1.60, 1.59, 1.59, 1.60, 1.61, 1.62, 1.63, 1.65, 1.68, 1.71, 1.74, 1.80, 1.86, 1.92, 2.00, 2.09, 2.18, 2.29, 2.43, 2.58, 2.77, 3.02,100.00,100.00,100.00,100.00,100.00,100.00,100.00,100.00,100.00,100.00,100.00,100.00,100.00,100.00,100.00
100.00,100.00,100.00,100.00,100.00,100.00,100.00,100.00,100.00,100.00,100.00,100.00,100.00,100.00,100.00,100.00,100.00,100.00,100.00,100.00,100.00,100.00,100.00,100.00,100.00,100.00,100.00,100.00,100.00,100.00,100.00,100.00,100.00,100.00, 4.64, 4.36, 4.14, 3.96, 3.81, 3.68, 3.56, 3.39, 3.20, 3.02, 2.85, 2.69, 2.54, 2.40, 2.28, 2.17, 2.07, 1.98, 1.90, 1.82, 1.77, 1.73, 1.69, 1.66, 1.63, 1.61, 1.60, 1.60, 1.60, 1.61, 1.62, 1.64, 1.66, 1.68, 1.71, 1.74, 1.80, 1.86, 1.92, 2.00, 2.09, 2.18, 2.29, 2.43, 2.58, 2.77, 3.02,100.00,100.00,100.00,100.00,100.00,100.00,100.00,100.00,100.00,100.00,100.00,100.00,100.00,100.00,100.00
100.00,100.00,100.00,100.00,100.00,100.00,100.00,100.00,100.00,100.00,100.00,100.00,100.00,100.00,100.00,100.00,100.00,100.00,100.00,100.00,100.00,100.00,100.00,100.00,100.00,100.00,100.00,100.00,100.00,100.00,100.00,100.00,100.00,100.00,100.00,100.00,100.00,100.00,100.00,100.00,100.00,100.00, 3.45, 3.21, 2.99, 2.80, 2.62, 2.47, 2.34, 2.22, 2.12, 2.02, 1.93, 1.86, 1.78, 1.74, 1.70, 1.67, 1.64, 1.61, 1.60, 1.60, 1.61, 1.61, 1.63, 1.64, 1.66, 1.68, 1.71, 1.75, 1.80, 1.86, 1.92, 2.00, 2.09, 2.18, 2.29, 2.43, 2.58, 2.77, 3.02,100.00,100.00,100.00,100.00,100.00,100.00,100.00,100.00,100.00,100.00,100.00,100.00,100.00,100.00,100.00
100.00,100.00,100.00,100.00,100.00,100.00,100.00,100.00,100.00,100.00,100.00,100.00,100.00,100.00,100.00,100.00,100.00,100.00,100.00,100.00,100.00,100.00,100.00,100.00,100.00,100.00,100.00,100.00,100.00,100.00,100.00,100.00,100.00,100.00,100.00,100.00,100.00,100.00,100.00,100.00,100.00,100.00,100.00, 3.41, 3.13, 2.90, 2.70, 2.54, 2.39, 2.27, 2.16, 2.06, 1.97, 1.89, 1.81, 1.75, 1.71, 1.67, 1.64, 1.62, 1.61, 1.61, 1.61, 1.62, 1.63, 1.64, 1.66, 1.69, 1.71, 1.75, 1.80, 1.86, 1.92, 2.00, 2.09, 2.18, 2.29, 2.43, 2.58, 2.77, 3.02,100.00,100.00,100.00,100.00,100.00,100.00,100.00,100.00,100.00,100.00,100.00,100.00,100.00,100.00,100.00
100.00,100.00,100.00,100.00,100.00,100.00,100.00,100.00,100.00,100.00,100.00,100.00,100.00,100.00,100.00,100.00,100.00,100.00,100.00,100.00,100.00,100.00,100.00,100.00,100.00,100.00,100.00,100.00,100.00,100.00,100.00,100.00,100.00,100.00,100.00,100.00,100.00,100.00,100.00,100.00,100.00,100.00,100.00,100.00, 3.26, 2.99, 2.77, 2.59, 2.44, 2.31, 2.19, 2.09, 2.00, 1.92, 1.84, 1.77, 1.71, 1.68, 1.65, 1.62, 1.61, 1.61, 1.61, 1.62, 1.63, 1.65, 1.66, 1.69, 1.72, 1.75, 1.80, 1.86, 1.92, 2.00, 2.09, 2.18, 2.29, 2.43, 2.58, 2.77, 3.02,100.00,100.00,100.00,100.00,100.00,100.00,100.00,100.00,100.00,100.00,100.00,100.00,100.00,100.00,100.00
100.00,100.00,100.00,100.00,100.00,100.00,100.00,100.00,100.00,100.00,100.00,100.00,100.00,100.00,100.00,100.00,100.00,100.00,100.00,100.00,100.00,100.00,100.00,100.00,100.00,100.00,100.00,100.00,100.00,100.00,100.00,100.00,100.00,100.00,100.00,100.00,100.00,100.00,100.00,100.00,100.00,100.00,100.00,100.00, 3.34, 3.05, 2.82, 2.63, 2.48, 2.34, 2.22, 2.12, 2.03, 1.94, 1.87, 1.80, 1.74, 1.68, 1.65, 1.62, 1.61, 1.61, 1.61, 1.62, 1.63, 1.65, 1.67, 1.69, 1.72, 1.75, 1.80, 1.86, 1.92, 2.00, 2.09, 2.18, 2.29, 2.43, 2.58, 2.77, 3.02,100.00,100.00,100.00,100.00,100.00,100.00,100.00,100.00,100.00,100.00,100.00,100.00,100.00,100.00,100.00
100.00,100.00,100.00,100.00,100.00,100.00,100.00,100.00,100.00,100.00,100.00,100.00,100.00,100.00,100.00,100.00,100.00,100.00,100.00,100.00,100.00,100.00,100.00,100.00,100.00,100.00,100.00,100.00,100.00,100.00,100.00,100.00,100.00,100.00,100.00,100.00,100.00,100.00,100.00,100.00,100.00,100.00,100.00,100.00, 3.37, 3.08, 2.85, 2.66, 2.50, 2.37, 2.25, 2.14, 2.05, 1.97, 1.89, 1.82, 1.76, 1.70, 1.65, 1.62, 1.61, 1.61, 1.61, 1.62, 1.63, 1.65, 1.67, 1.69, 1.72, 1.75, 1.80, 1.86, 1.92, 2.00, 2.09, 2.18, 2.29, 2.43, 2.58, 2.77, 3.02,100.00,100.00,100.00,100.00,100.00,100.00,100.00,100.00,100.00,100.00,100.00,100.00,100.00,100.00,100.00
100.00,100.00,100.00,100.00,100.00,100.00,100.00,100.00,100.00,100.00,100.00,100.00,100.00,100.00,100.00,100.00,100.00,100.00,100.00,100.00,100.00,100.00,100.00,100.00,100.00,100.00,100.00,100.00,100.00,100.00,100.00,100.00,100.00,100.00,100.00,100.00,100.00,100.00,100.00,100.00,100.00,100.00,100.00,100.00, 3.39, 3.10, 2.87, 2.68, 2.53, 2.39, 2.27, 2.17, 2.08, 1.99, 1.92, 1.85, 1.79, 1.73, 1.67, 1.62, 1.61, 1.61, 1.61, 1.62, 1.63, 1.65, 1.67, 1.69, 1.72, 1.75, 1.80, 1.86, 1.92, 2.00, 2.09, 2.18, 2.29, 2.43, 2.58, 2.77, 3.02,100.00,100.00,100.00,100.00,100.00,100.00,100.00,100.00,100.00,100.00,100.00,100.00,100.00,100.00,100.00
100.00,100.00,100.00,100.00,100.00,100.00,100.00,100.00,100.00,100.00,100.00,100.00,100.00,100.00,100.00,100.00,100.00,100.00,100.00,100.00,100.00,100.00,100.00,100.00,100.00,100.00,100.00,100.00,100.00,100.00,100.00,100.00,100.00,100.00,100.00,100.00,100.00,100.00,100.00,100.00,100.00,100.00,100.00,100.00, 3.42, 3.13, 2.90, 2.71, 2.55, 2.42, 2.30, 2.20, 2.10, 2.02, 1.95, 1.88, 1.81, 1.75, 1.70, 1.65, 1.61, 1.61, 1.61, 1.62, 1.63, 1.65, 1.67, 1.69, 1.72, 1.75, 1.80, 1.86, 1.92, 2.00, 2.09, 2.18, 2.29, 2.43, 2.58, 2.77, 3.02,100.00,100.00,100.00,100.00,100.00,100.00,100.00,100.00,100.00,100.00,100.00,100.00,100.00,100.00,100.00
100.00,100.00,100.00,100.00,100.00,100.00,100.00,100.00,100.00,100.00,100.00,100.00,100.00,100.00,100.00,100.00,100.00,100.00,100.00,100.00,100.00,100.00,100.00,100.00,100.00,100.00,100.00,100.00,100.00,100.00,100.00,100.00,100.00,100.00,100.00,100.00,100.00,100.00,100.00,100.00,100.00,100.00,100.00,100.00, 3.45, 3.16, 2.93, 2.74, 2.58, 2.45, 2.33, 2.22, 2.13, 2.05, 1.97, 1.90, 1.84, 1.78, 1.73, 1.68, 1.64, 1.61, 1.61, 1.62, 1.63, 1.65, 1.67, 1.69, 1.72, 1.75, 1.80, 1.86, 1.92, 2.00, 2.09, 2.18, 2.29, 2.43, 2.58, 2.77, 3.02,100.00,100.00,100.00,100.00,100.00,100.00,100.00,100.00,100.00,100.00,100.00,100.00,100.00,100.00,100.00
100.00,100.00,100.00,100.00,100.00,100.00,100.00,100.00,100.00,100.00,100.00,100.00,100.00,100.00,100.00,100.00,100.00,100.00,100.00,100.00,100.00,100.00,100.00,100.00,100.00,100.00,100.00,100.00,100.00,100.00,100.00,100.00,100.00,100.00,100.00,100.00,100.00,100.00,100.00,100.00,100.00,100.00,100.00,100.00, 3.48, 3.19, 2.96, 2.77, 2.61, 2.48, 2.36, 2.26, 2.16, 2.08, 2.00, 1.93, 1.87, 1.81, 1.76, 1.71, 1.67, 1.64, 1.61, 1.62, 1.63, 1.65, 1.67, 1.69, 1.72, 1.75, 1.80, 1.86, 1.92, 2.00, 2.09, 2.18, 2.29, 2.43, 2.58, 2.77, 3.02,100.00,100.00,100.00,100.00,100.00,100.00,100.00,100.00,100.00,100.00,100.00,100.00,100.00,100.00,100.00
100.00,100.00,100.00,100.00,100.00,100.00,100.00,100.00,100.00,100.00,100.00,100.00,100.00,100.00,100.00,100.00,100.00,100.00,100.00,100.00,100.00,100.00,100.00,100.00,100.00,100.00,100.00,100.00,100.00,100.00,100.00,100.00,100.00,100.00,100.00,100.00,100.00,100.00,100.00,100.00,100.00,100.00,100.00,100.00, 3.51, 3.22, 2.99, 2.80, 2.64, 2.51, 2.39, 2.29, 2.19, 2.11, 2.04, 1.97, 1.90, 1.84, 1.79, 1.74, 1.70, 1.67, 1.65, 1.62, 1.63, 1.65, 1.67, 1.69, 1.72, 1.75, 1.80, 1.86, 1.92, 2.00, 2.09, 2.18, 2.29, 2.43, 2.58, 2.77, 3.02,100.00,100.00,100.00,100.00,100.00,100.00,100.00,100.00,100.00,100.00,100.00,100.00,100.00,100.00,100.00
100.00,100.00,100.00,100.00,100.00,100.00,100.00,100.00,100.00,100.00,100.00,100.00,100.00,100.00,100.00,100.00,100.00,100.00,100.00,100.00,100.00,100.00,100.00,100.00,100.00,100.00,100.00,100.00,100.00,100.00,100.00,100.00,100.00,100.00,100.00,100.00,100.00,100.00,100.00,100.00,100.00,100.00,100.00,100.00, 3.55, 3.25, 3.02, 2.83, 2.68, 2.54, 2.43, 2.32, 2.23, 2.15, 2.07, 2.00, 1.94, 1.88, 1.82, 1.77, 1.73, 1.71, 1.68, 1.65, 1.63, 1.65, 1.67, 1.69, 1.72, 1.75, 1.80, 1.86, 1.92, 2.00, 2.09, 2.18, 2.29, 2.43, 2.58, 2.77, 3.02,100.00,100.00,100.00,100.00,100.00,100.00,100.00,100.00,100.00,100.00,100.00,100.00,100.00,100.00,100.00
100.00,100.00,100.00,100.00,100.00,100.00,100.00,100.00,100.00,100.00,100.00,100.00,100.00,100.00,100.00,100.00,100.00,100.00,100.00,100.00,100.00,100.00,100.00,100.00,100.00,100.00,100.00,100.00,100.00,100.00,100.00,100.00,100.00,100.00,100.00,100.00,100.00,100.00,100.00,100.00,100.00,100.00,100.00,100.00, 3.58, 3.29, 3.06, 2.87, 2.71, 2.58, 2.46, 2.36, 2.27, 2.18, 2.11, 2.04, 1.97, 1.92, 1.86, 1.81, 1.77, 1.74, 1.72, 1.69, 1.67, 1.65, 1.67, 1.69, 1.72, 1.75, 1.80, 1.86, 1.92, 2.00, 2.09, 2.18, 2.29, 2.43, 2.58, 2.77, 3.02,100.00,100.00,100.00,100.00,100.00,100.00,100.00,100.00,100.00,100.00,100.00,100.00,100.00,100.00,100.00
100.00,100.00,100.00,100.00,100.00,100.00,100.00,100.00,100.00,100.00,100.00,100.00,100.00,100.00,100.00,100.00,100.00,100.00,100.00,100.00,100.00,100.00,100.00,100.00,100.00,100.00,100.00,100.00,100.00,100.00,100.00,100.00,100.00,100.00,100.00,100.00,100.00,100.00,100.00,100.00,100.00,100.00,100.00,100.00, 3.61, 3.32, 3.09, 2.91, 2.75, 2.62, 2.50, 2.40, 2.30, 2.22, 2.15, 2.08, 2.01, 1.95, 1.90, 1.85, 1.81, 1.78, 1.76, 1.73, 1.71, 1.68, 1.67, 1.69, 1.72, 1.75, 1.80, 1.86, 1.92, 2.00, 2.09, 2.18, 2.29, 2.43, 2.58, 2.77, 3.02,100.00,100.00,100.00,100.00,100.00,100.00,100.00,100.00,100.00,100.00,100.00,100.00,100.00,100.00,100.00
100.00,100.00,100.00,100.00,100.00,100.00,100.00,100.00,100.00,100.00,100.00,100.00,100.00,100.00,100.00,100.00,100.00,100.00,100.00,100.00,100.00,100.00,100.00,100.00,100.00,100.00,100.00,100.00,100.00,100.00,100.00,100.00,100.00,100.00,100.00,100.00,100.00,100.00,100.00,100.00,100.00,100.00,100.00,100.00, 3.60, 3.33, 3.11, 2.93, 2.78, 2.65, 2.54, 2.43, 2.34, 2.26, 2.19, 2.12, 2.05, 2.00, 1.94, 1.89, 1.85, 1.82, 1.80, 1.77, 1.75, 1.73, 1.70, 1.69, 1.72, 1.75, 1.80, 1.86, 1.92, 2.00, 2.09, 2.18, 2.29, 2.43, 2.58, 2.77, 3.02,100.00,100.00,100.00,100.00,100.00,100.00,100.00,100.00,100.00,100.00,100.00,100.00,100.00,100.00,100.00
100.00,100.00,100.00,100.00,100.00,100.00,100.00,100.00,100.00,100.00,100.00,100.00,100.00,100.00,100.00,100.00,100.00,100.00,100.00,100.00,100.00,100.00,100.00,100.00,100.00,100.00,100.00,100.00,100.00,100.00,100.00,100.00,100.00,100.00,100.00,100.00,100.00,100.00,100.00,100.00,100.00,100.00,100.00, 3.82, 3.54, 3.31, 3.11, 2.95, 2.80, 2.68, 2.57, 2.47, 2.38, 2.30, 2.22, 2.16, 2.10, 2.04, 1.98, 1.93, 1.90, 1.87, 1.84, 1.82, 1.79, 1.77, 1.74, 1.72, 1.71, 1.75, 1.80, 1.86, 1.92, 2.00, 2.09, 2.18, 2.29, 2.43, 2.58, 2.77, 3.02,100.00,100.00,100.00,100.00,100.00,100.00,100.00,100.00,100.00,100.00,100.00,100.00,100.00,100.00,100.00
100.00,100.00,100.00,100.00,100.00,100.00,100.00,100.00,100.00,100.00,100.00,100.00,100.00,100.00,100.00,100.00,100.00,100.00,100.00,100.00,100.00,100.00,100.00,100.00,100.00,100.00,100.00,100.00,100.00,100.00,100.00,100.00,100.00,100.00,100.00,100.00,100.00,100.00,100.00,100.00,100.00,100.00, 3.93, 3.69, 3.47, 3.28, 3.11, 2.95, 2.82, 2.70, 2.60, 2.50, 2.42, 2.34, 2.27, 2.20, 2.14, 2.08, 2.03, 1.98, 1.94, 1.91, 1.89, 1.86, 1.84, 1.82, 1.79, 1.76, 1.73, 1.75, 1.80, 1.86, 1.92, 2.00, 2.09, 2.18, 2.29, 2.43, 2.58, 2.77, 3.02,100.00,100.00,100.00,100.00,100.00,100.00,100.00,100.00,100.00,100.00,100.00,100.00,100.00,100.00,100.00
100.00,100.00,100.00,100.00,100.00,100.00,100.00,100.00,100.00,100.00,100.00,100.00,100.00,100.00,100.00,100.00,100.00,100.00,100.00,100.00,100.00,100.00,100.00,100.00,100.00,100.00,100.00,100.00,100.00,100.00,100.00,100.00,100.00,100.00, 4.95, 4.71, 4.52, 4.38, 4.26, 4.15, 4.06, 3.93, 3.76, 3.58, 3.41, 3.24, 3.09, 2.96, 2.84, 2.73, 2.63, 2.54, 2.45, 2.38, 2.31, 2.24, 2.18, 2.13, 2.08, 2.03, 1.99, 1.96, 1.94, 1.92, 1.89, 1.87, 1.84, 1.81, 1.78, 1.75, 1.80, 1.86, 1.92, 2.00, 2.09, 2.18, 2.29, 2.43, 2.58, 2.77, 3.02,100.00,100.00,100.00,100.00,100.00,100.00,100.00,100.00,100.00,100.00,100.00,100.00,100.00,100.00,100.00
100.00,100.00,100.00,100.00,100.00,100.00,100.00,100.00,100.00,100.00,100.00,100.00,100.00,100.00,100.00,100.00,100.00,100.00,100.00,100.00,100.00,100.00,100.00,100.00,100.00,100.00,100.00,100.00,100.00,100.00,100.00,100.00,100.00,100.00, 4.71, 4.49, 4.31, 4.17, 4.06, 3.96, 3.87, 3.76, 3.63, 3.49, 3.35, 3.21, 3.08, 2.96, 2.85, 2.75, 2.66, 2.57, 2.49, 2.42, 2.35, 2.29, 2.23, 2.18, 2.13, 2.08, 2.05, 2.02, 2.00, 1.97, 1.95, 1.92, 1.90, 1.87, 1.83, 1.80, 1.80, 1.86, 1.92, 2.00, 2.09, 2.18, 2.29, 2.43, 2.58, 2.77, 3.02,100.00,100.00,100.00,100.00,100.00,100.00,100.00,100.00,100.00,100.00,100.00,100.00,100.00,100.00,100.00
100.00,100.00,100.00,100.00,100.00,100.00,100.00,100.00,100.00,100.00,100.00,100.00,100.00,100.00,100.00,100.00,100.00,100.00,100.00,100.00,100.00,100.00,100.00,100.00,100.00,100.00,100.00,100.00,100.00,100.00,100.00,100.00,100.00, 4.71, 4.49, 4.30, 4.15, 4.02, 3.91, 3.82, 3.74, 3.64, 3.53, 3.42, 3.30, 3.18, 3.07, 2.97, 2.87, 2.77, 2.69, 2.61, 2.53, 2.47, 2.40, 2.34, 2.29, 2.23, 2.19, 2.14, 2.11, 2.08, 2.06, 2.03, 2.01, 1.99, 1.96, 1.92, 1.89, 1.85, 1.83, 1.86, 1.92, 2.00, 2.09, 2.18, 2.29, 2.43, 2.58, 2.77, 3.02,100.00,100.00,100.00,100.00,100.00,100.00,100.00,100.00,100.00,100.00,100.00,100.00,100.00,100.00,100.00
100.00,100.00,100.00,100.00,100.00,100.00,100.00,100.00,100.00,100.00,100.00,100.00,100.00,100.00,100.00,100.00,100.00,100.00,100.00,100.00,100.00,100.00,100.00,100.00,100.00,100.00,100.00,100.00,100.00,100.00,100.00,100.00, 4.64, 4.46, 4.29, 4.15, 4.02, 3.90, 3.81, 3.72, 3.64, 3.56, 3.47, 3.37, 3.27, 3.17, 3.07, 2.98, 2.89, 2.80, 2.73, 2.65, 2.58, 2.52, 2.46, 2.40, 2.35, 2.30, 2.25, 2.20, 2.17, 2.15, 2.12, 2.10, 2.08, 2.06, 2.02, 1.99, 1.95, 1.91, 1.88, 1.86, 1.92, 2.00, 2.09, 2.18, 2.29, 2.43, 2.58, 2.77, 3.02,100.00,100.00,100.00,100.00,100.00,100.00,100.00,100.00,100.00,100.00,100.00,100.00,100.00,100.00,100.00
100.00,100.00,100.00,100.00,100.00,100.00,100.00,100.00,100.00,100.00,100.00,100.00,100.00,100.00,100.00, 4.87, 4.66, 4.50, 4.38, 4.28, 4.21, 4.16, 4.20, 4.25, 4.29, 4.34, 4.39, 4.43, 4.47, 4.51, 4.52, 4.48, 4.38, 4.26, 4.14, 4.02, 3.91, 3.82, 3.73, 3.65, 3.58, 3.51, 3.43, 3.34, 3.26, 3.17, 3.08, 3.00, 2.92, 2.84, 2.77, 2.70, 2.64, 2.58, 2.52, 2.46, 2.41, 2.36, 2.32, 2.28, 2.25, 2.22, 2.20, 2.18, 2.16, 2.13, 2.10, 2.06, 2.02, 1.98, 1.95, 1.91, 1.92, 2.00, 2.09, 2.18, 2.29, 2.43, 2.58, 2.77, 3.02,100.00,100.00,100.00,100.00,100.00,100.00,100.00,100.00,100.00,100.00,100.00,100.00,100.00,100.00,100.00
100.00,100.00,100.00,100.00,100.00,100.00,100.00,100.00,100.00,100.00,100.00,100.00,100.00,100.00,100.00, 4.61, 4.39, 4.23, 4.11, 4.01, 3.94, 3.97, 4.01, 4.05, 4.09, 4.13, 4.17, 4.21, 4.24, 4.27, 4.28, 4.25, 4.19, 4.10, 4.01, 3.92, 3.84, 3.76, 3.68, 3.61, 3.55, 3.48, 3.41, 3.34, 3.26, 3.19, 3.11, 3.04, 2.96, 2.89, 2.83, 2.76, 2.70, 2.65, 2.59, 2.54, 2.49, 2.44, 2.40, 2.36, 2.33, 2.31, 2.29, 2.27, 2.25, 2.22, 2.18, 2.14, 2.09, 2.05, 2.01, 1.97, 1.92, 2.00, 2.09, 2.18, 2.29, 2.43, 2.58, 2.77, 3.02,100.00,100.00,100.00,100.00,100.00,100.00,100.00,100.00,100.00,100.00,100.00,100.00,100.00,100.00,100.00
100.00,100.00,100.00,100.00,100.00,100.00,100.00,100.00,100.00,100.00,100.00,100.00,100.00,100.00,100.00, 4.40, 4.19, 4.02, 3.90, 3.80, 3.83, 3.86, 3.90, 3.93, 3.97, 4.00, 4.03, 4.06, 4.09, 4.11, 4.12, 4.10, 4.06, 4.00, 3.93, 3.86, 3.79, 3.72, 3.66, 3.60, 3.54, 3.48, 3.42, 3.36, 3.29, 3.22, 3.15, 3.09, 3.02, 2.96, 2.90, 2.84, 2.78, 2.73, 2.68, 2.63, 2.58, 2.54, 2.49, 2.46, 2.44, 2.41, 2.39, 2.37, 2.35, 2.32, 2.28, 2.23, 2.18, 2.13, 2.08, 2.03, 1.98, 2.00, 2.09, 2.18, 2.29, 2.43, 2.58, 2.77, 3.02,100.00,100.00,100.00,100.00,100.00,100.00,100.00,100.00,100.00,100.00,100.00,100.00,100.00,100.00,100.00
100.00,100.00,100.00,100.00,100.00,100.00,100.00,100.00,100.00,100.00,100.00,100.00,100.00,100.00,100.00, 4.24, 4.02, 3.86, 3.73, 3.75, 3.78, 3.81, 3.84, 3.87, 3.90, 3.93, 3.96, 3.98, 4.01, 4.02, 4.03, 4.02, 3.99, 3.94, 3.89, 3.84, 3.78, 3.72, 3.67, 3.61, 3.56, 3.51, 3.46, 3.40, 3.34, 3.28, 3.22, 3.16, 3.10, 3.04, 2.99, 2.93, 2.88, 2.83, 2.78, 2.73, 2.69, 2.65, 2.61, 2.58, 2.56, 2.53, 2.51, 2.50, 2.48, 2.44, 2.39, 2.34, 2.28, 2.22, 2.16, 2.10, 2.04, 2.00, 2.09, 2.18, 2.29, 2.43, 2.58, 2.77, 3.02,100.00,100.00,100.00,100.00,100.00,100.00,100.00,100.00,100.00,100.00,100.00,100.00,100.00,100.00,100.00
100.00,100.00,100.00,100.00,100.00,100.00,100.00,100.00,100.00,100.00,100.00,100.00,100.00,100.00,100.00, 4.10, 3.88, 3.71, 3.74, 3.76, 3.79, 3.82, 3.84, 3.87, 3.90, 3.92, 3.94, 3.96, 3.98, 3.99, 4.00, 3.99, 3.97, 3.94, 3.90, 3.85, 3.81, 3.76, 3.71, 3.67, 3.62, 3.57, 3.52, 3.47, 3.42, 3.37, 3.31, 3.26, 3.20, 3.15, 3.10, 3.05, 3.00, 2.95, 2.91, 2.87, 2.82, 2.78, 2.75, 2.72, 2.70, 2.68, 2.66, 2.64, 2.62, 2.58, 2.53, 2.46, 2.39, 2.32, 2.24, 2.17, 2.10, 2.03, 2.09, 2.18, 2.29, 2.43, 2.58, 2.77, 3.02,100.00,100.00,100.00,100.00,100.00,100.00,100.00,100.00,100.00,100.00,100.00,100.00,100.00,100.00,100.00
100.00,100.00,100.00,100.00,100.00,100.00,100.00,100.00,100.00,100.00,100.00,100.00,100.00,100.00,100.00, 3.98, 3.76, 3.78, 3.80, 3.83, 3.85, 3.87, 3.90, 3.92, 3.94, 3.97, 3.99, 4.00, 4.02, 4.03, 4.04, 4.03, 4.01, 3.99, 3.95, 3.92, 3.88, 3.84, 3.80, 3.76, 3.72, 3.68, 3.63, 3.59, 3.54, 3.49, 3.44, 3.39, 3.35, 3.30, 3.25, 3.20, 3.16, 3.11, 3.07, 3.03, 2.99, 2.95, 2.92, 2.90, 2.88, 2.86, 2.84, 2.83, 2.81, 2.76, 2.68, 2.60, 2.51, 2.42, 2.33, 2.24, 2.16, 2.08, 2.09, 2.18, 2.29, 2.43, 2.58, 2.77, 3.02,100.00,100.00,100.00,100.00,100.00,100.00,100.00,100.00,100.00,100.00,100.00,100.00,100.00,100.00,100.00
100.00,100.00,100.00,100.00,100.00,100.00,100.00,100.00,100.00,100.00,100.00,100.00,100.00,100.00,100.00, 3.87, 3.89, 3.91, 3.94, 3.96, 3.98, 4.00, 4.02, 4.04, 4.06, 4.08, 4.10, 4.11, 4.12, 4.13, 4.14, 4.13, 4.12, 4.10, 4.07, 4.04, 4.01, 3.98, 3.94, 3.91, 3.87, 3.84, 3.80, 3.76, 3.72, 3.67, 3.63, 3.58, 3.54, 3.49, 3.45, 3.41, 3.37, 3.33, 3.29, 3.25, 3.21, 3.17, 3.14, 3.13, 3.11, 3.09, 3.07, 3.06, 3.04, 2.97, 2.88, 2.77, 2.65, 2.54, 2.42, 2.32, 2.22, 2.13, 2.09, 2.18, 2.29, 2.43, 2.58, 2.77, 3.02,100.00,100.00,100.00,100.00,100.00,100.00,100.00,100.00,100.00,100.00,100.00,100.00,100.00,100.00,100.00
100.00,100.00,100.00,100.00,100.00,100.00,100.00,100.00,100.00,100.00,100.00,100.00,100.00,100.00,100.00,100.00,100.00,100.00,100.00,100.00,100.00,100.00,100.00,100.00,100.00,100.00,100.00,100.00,100.00,100.00,100.00,100.00,100.00,100.00,100.00,100.00,100.00,100.00,100.00,100.00,100.00,100.00,100.00,100.00,100.00,100.00,100.00,100.00,100.00,100.00,100.00,100.00,100.00,100.00,100.00,100.00,100.00,100.00,100.00,100.00,100.00,100.00,100.00,100.00,100.00,100.00, 3.12, 2.96, 2.80, 2.65, 2.51, 2.39, 2.28, 2.18, 2.09, 2.18, 2.29, 2.43, 2.58, 2.77, 3.02,100.00,100.00,100.00,100.00,100.00,100.00,100.00,100.00,100.00,100.00,100.00,100.00,100.00,100.00,100.00
100.00,100.00,100.00,100.00,100.00,100.00,100.00,100.00,100.00,100.00,100.00,100.00,100.00,100.00,100.00,100.00,100.00,100.00,100.00,100.00,100.00,100.00,100.00,100.00,100.00,100.00,100.00,100.00,100.00,100.00,100.00,100.00,100.00,100.00,100.00,100.00,100.00,100.00,100.00,100.00,100.00,100.00,100.00,100.00,100.00,100.00,100.00,100.00,100.00,100.00,100.00,100.00,100.00,100.00,100.00,100.00,100.00,100.00,100.00,100.00,100.00,100.00,100.00,100.00,100.00,100.00,100.00,100.00, 2.96, 2.77, 2.60, 2.46, 2.33, 2.22, 2.13, 2.18, 2.29, 2.43, 2.58, 2.77, 3.02,100.00,100.00,100.00,100.00,100.00,100.00,100.00,100.00,100.00,100.00,100.00,100.00,100.00,100.00,100.00
100.00,100.00,100.00,100.00,100.00,100.00,100.00,100.00,100.00,100.00,100.00,100.00,100.00,100.00,100.00,100.00,100.00,100.00,100.00,100.00,100.00,100.00,100.00,100.00,100.00,100.00,100.00,100.00,100.00,100.00,100.00,100.00,100.00,100.00,100.00,100.00,100.00,100.00,100.00,100.00,100.00,100.00,100.00,100.00,100.00,100.00,100.00,100.00,100.00,100.00,100.00,100.00,100.00,100.00,100.00,100.00,100.00,100.00,100.00,100.00,100.00,100.00,100.00,100.00,100.00,100.00,100.00,100.00, 3.12, 2.88, 2.68, 2.51, 2.38, 2.26, 2.15, 2.18, 2.29, 2.43, 2.58, 2.77, 3.02,100.00,100.00,100.00,100.00,100.00,100.00,100.00,100.00,100.00,100.00,100.00,100.00,100.00,100.00,100.00
100.00,100.00,100.00,100.00,100.00,100.00,100.00,100.00,100.00,100.00,100.00,100.00,100.00,100.00,100.00,100.00,100.00,100.00,100.00,100.00,100.00,100.00,100.00,100.00,100.00,100.00,100.00,100.00,100.00,100.00,100.00,100.00,100.00,100.00,100.00,100.00,100.00,100.00,100.00,100.00,100.00,100.00,100.00,100.00,100.00,100.00,100.00,100.00,100.00,100.00,100.00,100.00,100.00,100.00,100.00,100.00,100.00,100.00,100.00,100.00,100.00,100.00,100.00,100.00,100.00,100.00,100.00,100.00,100.00, 2.96, 2.74, 2.56, 2.41, 2.28, 2.17, 2.18, 2.29, 2.43, 2.58, 2.77, 3.02,100.00,100.00,100.00,100.00,100.00,100.00,100.00,100.00,100.00,100.00,100.00,100.00,100.00,100.00,100.00
100.00,100.00,100.00,100.00,100.00,100.00,100.00,100.00,100.00,100.00,100.00,100.00,100.00,100.00,100.00,100.00,100.00,100.00,100.00,100.00,100.00,100.00,100.00,100.00,100.00,100.00,100.00,100.00,100.00,100.00,100.00,100.00,100.00,100.00,100.00,100.00,100.00,100.00,100.00,100.00,100.00,100.00,100.00,100.00,100.00,100.00,100.00,100.00,100.00,100.00,100.00,100.00,100.00,100.00,100.00,100.00,100.00,100.00,100.00,100.00,100.00,100.00,100.00,100.00,100.00,100.00,100.00,100.00,100.00, 3.01, 2.77, 2.58, 2.42, 2.29, 2.18, 2.18, 2.29, 2.43, 2.58, 2.77, 3.02,100.00,100.00,100.00,100.00,100.00,100.00,100.00,100.00,100.00,100.00,100.00,100.00,100.00,100.00,100.00
100.00,100.00,100.00,100.00,100.00,100.00,100.00,100.00,100.00,100.00,100.00,100.00,100.00,100.00,100.00,100.00,100.00,100.00,100.00,100.00,100.00,100.00,100.00,100.00,100.00,100.00,100.00,100.00,100.00,100.00,100.00,100.00,100.00,100.00,100.00,100.00,100.00,100.00,100.00,100.00,100.00,100.00,100.00,100.00,100.00,100.00,100.00,100.00,100.00,100.00,100.00,100.00,100.00,100.00,100.00,100.00,100.00,100.00,100.00,100.00,100.00,100.00,100.00,100.00,100.00,100.00,100.00,100.00,100.00, 3.02, 2.77, 2.58, 2.43, 2.29, 2.18, 2.18, 2.29, 2.43, 2.58, 2.77, 3.02,100.00,100.00,100.00,100.00,100.00,100.00,100.00,100.00,100.00,100.00,100.00,100.00,100.00,100.00,100.00
100.00,100.00,100.00,100.00,100.00,100.00,100.00,100.00,100.00,100.00,100.00,100.00,100.00,100.00,100.00,100.00,100.00,100.00,100.00,100.00,100.00,100.00,100.00,100.00,100.00,100.00,100.00,100.00,100.00,100.00,100.00,100.00,100.00,100.00,100.00,100.00,100.00,100.00,100.00,100.00,100.00,100.00,100.00,100.00,100.00,100.00,100.00,100.00,100.00,100.00,100.00,100.00,100.00,100.00,100.00,100.00,100.00,100.00,100.00,100.00,100.00,100.00,100.00,100.00,100.00,100.00,100.00,100.00,100.00, 3.02, 2.77, 2.58, 2.43, 2.29, 2.18, 2.18, 2.29, 2.43, 2.58, 2.77, 3.02,100.00,100.00,100.00,100.00,100.00,100.00,100.00,100.00,100.00,100.00,100.00,100.00,100.00,100.00,100.00
100.00,100.00,100.00,100.00,100.00,100.00,100.00,100.00,100.00,100.00,100.00,100.00,100.00,100.00,100.00,100.00,100.00,100.00,100.00,100.00,100.00,100.00,100.00,100.00,100.00,100.00,100.00,100.00,100.00,100.00,100.00,100.00,100.00,100.00,100.00,100.00,100.00,100.00,100.00,100.00,100.00,100.00,100.00,100.00,100.00,100.00,100.00,100.00,100.00,100.00,100.00,100.00,100.00,100.00,100.00,100.00,100.00,100.00,100.00,100.00,100.00,100.00,100.00,100.00,100.00,100.00,100.00,100.00,100.00, 3.02, 2.77, 2.58, 2.43, 2.29, 2.18, 2.18, 2.29, 2.43, 2.58, 2.77, 3.02,100.00,100.00,100.00,100.00,100.00,100.00,100.00,100.00,100.00,100.00,100.00,100.00,100.00,100.00,100.00
100.00,100.00,100.00,100.00,100.00,100.00,100.00,100.00,100.00,100.00,100.00,100.00,100.00,100.00,100.00,100.00,100.00,100.00,100.00,100.00,100.00,100.00,100.00,100.00,100.00,100.00,100.00,100.00,100.00,100.00,100.00,100.00,100.00,100.00,100.00,100.00,100.00,100.00,100.00,100.00,100.00,100.00,100.00,100.00,100.00,100.00,100.00,100.00,100.00,100.00,100.00,100.00,100.00,100.00,100.00,100.00,100.00,100.00,100.00,100.00,100.00,100.00,100.00,100.00,100.00,100.00,100.00,100.00,100.00, 3.02, 2.77, 2.58, 2.43, 2.29, 2.18, 2.18, 2.29, 2.43, 2.58, 2.77, 3.02,100.00,100.00,100.00,100.00,100.00,100.00,100.00,100.00,100.00,100.00,100.00,100.00,100.00,100.00,100.00
100.00,100.00,100.00,100.00,100.00,100.00,100.00,100.00,100.00,100.00,100.00,100.00,100.00,100.00,100.00,100.00,100.00,100.00,100.00,100.00,100.00,100.00,100.00,100.00,100.00,100.00,100.00,100.00,100.00,100.00,100.00,100.00,100.00,100.00,100.00,100.00,100.00,100.00,100.00,100.00,100.00,100.00,100.00,100.00,100.00,100.00,100.00,100.00,100.00,100.00,100.00,100.00,100.00,100.00,100.00,100.00,100.00,100.00,100.00,100.00,100.00,100.00,100.00,100.00,100.00,100.00,100.00,100.00,100.00, 3.02, 2.77, 2.58, 2.43, 2.29, 2.18, 2.18, 2.29, 2.43, 2.58, 2.77, 3.02,100.00,100.00,100.00,100.00,100.00,100.00,100.00,100.00,100.00,100.00,100.00,100.00,100.00,100.00,100.00
100.00,100.00,100.00,100.00,100.00,100.00,100.00,100.00,100.00,100.00,100.00,100.00,100.00,100.00,100.00,100.00,100.00,100.00,100.00,100.00,100.00,100.00,100.00,100.00,100.00,100.00,100.00,100.00,100.00,100.00,100.00,100.00,100.00,100.00,100.00,100.00,100.00,100.00,100.00,100.00,100.00,100.00,100.00,100.00,100.00,100.00,100.00,100.00,100.00,100.00,100.00,100.00,100.00,100.00,100.00,100.00,100.00,100.00,100.00,100.00,100.00,100.00,100.00,100.00,100.00,100.00,100.00,100.00,100.00, 3.02, 2.77, 2.58, 2.43, 2.29, 2.18, 2.18, 2.29, 2.43, 2.58, 2.77, 3.02,100.00,100.00,100.00,100.00,100.00,100.00,100.00,100.00,100.00,100.00,100.00,100.00,100.00,100.00,100.00
100.00,100.00,100.00,100.00,100.00,100.00,100.00,100.00,100.00,100.00,100.00,100.00,100.00,100.00,100.00,100.00,100.00,100.00,100.00,100.00,100.00,100.00,100.00,100.00,100.00,100.00,100.00,100.00,100.00,100.00,100.00,100.00,100.00,100.00,100.00,100.00,100.00,100.00,100.00,100.00,100.00,100.00,100.00,100.00,100.00,100.00,100.00,100.00,100.00,100.00,100.00,100.00,100.00,100.00,100.00,100.00,100.00,100.00,100.00,100.00,100.00,100.00,100.00,100.00,100.00,100.00,100.00,100.00,100.00, 3.02, 2.77, 2.58, 2.43, 2.29, 2.18, 2.18, 2.29, 2.43, 2.58, 2.77, 3.02,100.00,100.00,100.00,100.00,100.00,100.00,100.00,100.00,100.00,100.00,100.00,100.00,100.00,100.00,100.00
100.00,100.00,100.00,100.00,100.00,100.00,100.00,100.00,100.00,100.00,100.00,100.00,100.00,100.00,100.00,100.00,100.00,100.00,100.00,100.00,100.00,100.00,100.00,100.00,100.00,100.00,100.00,100.00,100.00,100.00,100.00,100.00,100.00,100.00,100.00,100.00,100.00,100.00,100.00,100.00,100.00,100.00,100.00,100.00,100.00,100.00,100.00,100.00,100.00,100.00,100.00,100.00,100.00,100.00,100.00,100.00,100.00,100.00,100.00,100.00,100.00,100.00,100.00,100.00,100.00,100.00,100.00,100.00,100.00, 3.02, 2.77, 2.58, 2.43, 2.29, 2.18, 2.18, 2.29, 2.43, 2.58, 2.77, 3.02,100.00,100.00,100.00,100.00,100.00,100.00,100.00,100.00,100.00,100.00,100.00,100.00,100.00,100.00,100.00
100.00,100.00,100.00,100.00,100.00,100.00,100.00,100.00,100.00,100.00,100.00,100.00,100.00,100.00,100.00,100.00,100.00,100.00,100.00,100.00,100.00,100.00,100.00,100.00,100.00,100.00,100.00,100.00,100.00,100.00,100.00,100.00,100.00,100.00,100.00,100.00,100.00,100.00,100.00,100.00,100.00,100.00,100.00,100.00,100.00,100.00,100.00,100.00,100.00,100.00,100.00,100.00,100.00,100.00,100.00,100.00,100.00,100.00,100.00,100.00,100.00,100.00,100.00,100.00,100.00,100.00,100.00,100.00,100.00, 3.02, 2.77, 2.58, 2.43, 2.29, 2.18, 2.18, 2.29, 2.43, 2.58, 2.77, 3.02,100.00,100.00,100.00,100.00,100.00,100.00,100.00,100.00,100.00,100.00,100.00,100.00,100.00,100.00,100.00
100.00,100.00,100.00,100.00,100.00,100.00,100.00,100.00,100.00,100.00,100.00,100.00,100.00,100.00,100.00,100.00,100.00,100.00,100.00,100.00,100.00,100.00,100.00,100.00,100.00,100.00,100.00,100.00,100.00,100.00,100.00,100.00,100.00,100.00,100.00,100.00,100.00,100.00,100.00,100.00,100.00,100.00,100.00,100.00,100.00,100.00,100.00,100.00,100.00,100.00,100.00,100.00,100.00,100.00,100.00,100.00,100.00,100.00,100.00,100.00,100.00,100.00,100.00,100.00,100.00,100.00,100.00,100.00,100.00, 3.02, 2.77, 2.58, 2.43, 2.29, 2.18, 2.18, 2.29, 2.43, 2.58, 2.77, 3.02,100.00,100.00,100.00,100.00,100.00,100.00,100.00,100.00,100.00,100.00,100.00,100.00,100.00,100.00,100.00
100.00,100.00,100.00,100.00,100.00,100.00,100.00,100.00,100.00,100.00,100.00,100.00,100.00,100.00,100.00,100.00,100.00,100.00,100.00,100.00,100.00,100.00,100.00,100.00,100.00,100.00,100.00,100.00,100.00,100.00,100.00,100.00,100.00,100.00,100.00,100.00,100.00,100.00,100.00,100.00,100.00,100.00,100.00,100.00,100.00,100.00,100.00,100.00,100.00,100.00,100.00,100.00,100.00,100.00,100.00,100.00,100.00,100.00,100.00,100.00,100.00,100.00,100.00,100.00,100.00,100.00,100.00,100.00,100.00, 3.02, 2.77, 2.58, 2.43, 2.29, 2.18, 2.18, 2.29, 2.43, 2.58, 2.77, 3.02,100.00,100.00,100.00,100.00,100.00,100.00,100.00,100.00,100.00,100.00,100.00,100.00,100.00,100.00,100.00
100.00,100.00,100.00,100.00,100.00,100.00,100.00,100.00,100.00,100.00,100.00,100.00,100.00,100.00,100.00,100.00,100.00,100.00,100.00,100.00,100.00,100.00,100.00,100.00,100.00,100.00,100.00,100.00,100.00,100.00,100.00,100.00,100.00,100.00,100.00,100.00,100.00,100.00,100.00,100.00,100.00,100.00,100.00,100.00,100.00,100.00,100.00,100.00,100.00,100.00,100.00,100.00,100.00,100.00,100.00,100.00,100.00,100.00,100.00,100.00,100.00,100.00,100.00,100.00,100.00,100.00,100.00,100.00,100.00, 3.02, 2.77, 2.58, 2.43, 2.29, 2.18, 2.18, 2.29, 2.43, 2.58, 2.77, 3.02,100.00,100.00,100.00,100.00,100.00,100.00,100.00,100.00,100.00,100.00,100.00,100.00,100.00,100.00,100.00
100.00,100.00,100.00,100.00,100.00,100.00,100.00,100.00,100.00,100.00,100.00,100.00,100.00,100.00,100.00,100.00,100.00,100.00,100.00,100.00,100.00,100.00,100.00,100.00,100.00,100.00,100.00,100.00,100.00,100.00,100.00,100.00,100.00,100.00,100.00,100.00,100.00,100.00,100.00,100.00,100.00,100.00,100.00,100.00,100.00,100.00,100.00,100.00,100.00,100.00,100.00,100.00,100.00,100.00,100.00,100.00,100.00,100.00,100.00,100.00,100.00,100.00,100.00,100.00,100.00,100.00,100.00,100.00,100.00, 3.02, 2.77, 2.58, 2.43, 2.29, 2.18, 2.18, 2.29, 2.43, 2.58, 2.77, 3.02,100.00,100.00,100.00,100.00,100.00,100.00,100.00,100.00,100.00,100.00,100.00,100.00,100.00,100.00,100.00
100.00,100.00,100.00,100.00,100.00,100.00,100.00,100.00,100.00,100.00,100.00,100.00,100.00,100.00,100.00,100.00,100.00,100.00,100.00,100.00,100.00,100.00,100.00,100.00,100.00,100.00,100.00,100.00,100.00,100.00,100.00,100.00,100.00,100.00,100.00,100.00,100.00,100.00,100.00,100.00,100.00,100.00,100.00,100.00,100.00,100.00,100.00,100.00,100.00,100.00,100.00,100.00,100.00,100.00,100.00,100.00,100.00,100.00,100.00,100.00,100.00,100.00,100.00,100.00,100.00,100.00,100.00,100.00,100.00, 3.02, 2.77, 2.58, 2.43, 2.29, 2.18, 2.18, 2.29, 2.43, 2.58, 2.77, 3.02,100.00,100.00,100.00,100.00,100.00,100.00,100.00,100.00,100.00,100.00,100.00,100.00,100.00,100.00,100.00
100.00,100.00,100.00,100.00,100.00,100.00,100.00,100.00,100.00,100.00,100.00,100.00,100.00,100.00,100.00,100.00,100.00,100.00,100.00,100.00,100.00,100.00,100.00,100.00,100.00,100.00,100.00,100.00,100.00,100.00,100.00,100.00,100.00,100.00,100.00,100.00,100.00,100.00,100.00,100.00,100.00,100.00,100.00,100.00,100.00,100.00,100.00,100.00,100.00,100.00,100.00,100.00,100.00,100.00,100.00,100.00,100.00,100.00,100.00,100.00,100.00,100.00,100.00,100.00,100.00,100.00,100.00,100.00,100.00, 3.02, 2.77, 2.58, 2.43, 2.29, 2.29, 2.29, 2.29, 2.43, 2.58, 2.77, 3.02,100.00,100.00,100.00,100.00,100.00,100.00,100.00,100.00,100.00,100.00,100.00,100.00,100.00,100.00,100.00
100.00,100.00,100.00,100.00,100.00,100.00,100.00,100.00,100.00,100.00,100.00,100.00,100.00,100.00,100.00,100.00,100.00,100.00,100.00,100.00,100.00,100.00,100.00,100.00,100.00,100.00,100.00,100.00,100.00,100.00,100.00,100.00,100.00,100.00,100.00,100.00,100.00,100.00,100.00,100.00,100.00,100.00,100.00,100.00,100.00,100.00,100.00,100.00,100.00,100.00,100.00,100.00,100.00,100.00,100.00,100.00,100.00,100.00,100.00,100.00,100.00,100.00,100.00,100.00,100.00,100.00,100.00,100.00,100.00, 3.02, 2.77, 2.58, 2.43, 2.43, 2.43, 2.43, 2.43, 2.43, 2.58, 2.77, 3.02,100.00,100.00,100.00,100.00,100.00,100.00,100.00,100.00,100.00,100.00,100.00,100.00,100.00,100.00,100.00
100.00,100.00,100.00,100.00,100.00,100.00,100.00,100.00,100.00,100.00,100.00,100.00,100.00,100.00,100.00,100.00,100.00,100.00,100.00,100.00,100.00,100.00,100.00,100.00,100.00,100.00,100.00,100.00,100.00,100.00,100.00,100.00,100.00,100.00,100.00,100.00,100.00,100.00,100.00,100.00,100.00,100.00,100.00,100.00,100.00,100.00,100.00,100.00,100.00,100.00,100.00,100.00,100.00,100.00,100.00,100.00,100.00,100.00,100.00,100.00,100.00,100.00,100.00,100.00,100.00,100.00,100.00,100.00,100.00, 3.02, 2.77, 2.58, 2.58, 2.58, 2.58, 2.58, 2.58, 2.58, 2.58, 2.77, 3.02,100.00,100.00,100.00,100.00,100.00,100.00,100.00,100.00,100.00,100.00,100.00,100.00,100.00,100.00,100.00
100.00,100.00,100.00,100.00,100.00,100.00,100.00,100.00,100.00,100.00,100.00,100.00,100.00,100.00,100.00,100.00,100.00,100.00,100.00,100.00,100.00,100.00,100.00,100.00,100.00,100.00,100.00,100.00,100.00,100.00,100.00,100.00,100.00,100.00,100.00,100.00,100.00,100.00,100.00,100.00,100.00,100.00,100.00,100.00,100.00,100.00,100.00,100.00,100.00,100.00,100.00,100.00,100.00,100.00,100.00,100.00,100.00,100.00,100.00,100.00,100.00,100.00,100.00,100.00,100.00,100.00,100.00,100.00,100.00, 3.02, 2.77, 2.77, 2.77, 2.77, 2.77, 2.77, 2.77, 2.77, 2.77, 2.77, 3.02,100.00,100.00,100.00,100.00,100.00,100.00,100.00,100.00,100.00,100.00,100.00,100.00,100.00,100.00,100.00
100.00,100.00,100.00,100.00,100.00,100.00,100.00,100.00,100.00,100.00,100.00,100.00,100.00,100.00,100.00,100.00,100.00,100.00,100.00,100.00,100.00,100.00,100.00,100.00,100.00,100.00,100.00,100.00,100.00,100.00,100.00,100.00,100.00,100.00,100.00,100.00,100.00,100.00,100.00,100.00,100.00,100.00,100.00,100.00,100.00,100.00,100.00,100.00,100.00,100.00,100.00,100.00,100.00,100.00,100.00,100.00,100.00,100.00,100.00,100.00,100.00,100.00,100.00,100.00,100.00,100.00,100.00,100.00,100.00, 3.02, 3.02, 3.02, 3.02, 3.02, 3.02, 3.02, 3.02, 3.02, 3.02, 3.02, 3.02,100.00,100.00,100.00,100.00,100.00,100.00,100.00,100.00,100.00,100.00,100.00,100.00,100.00,100.00,100.00
100.00,100.00,100.00,100.00,100.00,100.00,100.00,100.00,100.00,100.00,100.00,100.00,100.00,100.00,100.00,100.00,100.00,100.00,100.00,100.00,100.00,100.00,100.00,100.00,100.00,100.00,100.00,100.00,100.00,100.00,100.00,100.00,100.00,100.00,100.00,100.00,100.00,100.00,100.00,100.00,100.00,100.00,100.00,100.00,100.00,100.00,100.00,100.00,100.00,100.00,100.00,100.00,100.00,100.00,100.00,100.00,100.00,100.00,100.00,100.00,100.00,100.00,100.00,100.00,100.00,100.00,100.00,100.00,100.00,100.00,100.00,100.00,100.00,100.00,100.00,100.00,100.00,100.00,100.00,100.00,100.00,100.00,100.00,100.00,100.00,100.00,100.00,100.00,100.00,100.00,100.00,100.00,100.00,100.00,100.00,100.00
100.00,100.00,100.00,100.00,100.00,100.00,100.00,100.00,100.00,100.00,100.00,100.00,100.00,100.00,100.00,100.00,100.00,100.00,100.00,100.00,100.00,100.00,100.00,100.00,100.00,100.00,100.00,100.00,100.00,100.00,100.00,100.00,100.00,100.00,100.00,100.00,100.00,100.00,100.00,100.00,100.00,100.00,100.00,100.00,100.00,100.00,100.00,100.00,100.00,100.00,100.00,100.00,100.00,100.00,100.00,100.00,100.00,100.00,100.00,100.00,100.00,100.00,100.00,100.00,100.00,100.00,100.00,100.00,100.00,100.00,100.00,100.00,100.00,100.00,100.00,100.00,100.00,100.00,100.00,100.00,100.00,100.00,100.00,100.00,100.00,100.00,100.00,100.00,100.00,100.00,100.00,100.00,100.00,100.00,100.00,100.00
100.00,100.00,100.00,100.00,100.00,100.00,100.00,100.00,100.00,100.00,100.00,100.00,100.00,100.00,100.00,100.00,100.00,100.00,100.00,100.00,100.00,100.00,100.00,100.00,100.00,100.00,100.00,100.00,100.00,100.00,100.00,100.00,100.00,100.00,100.00,100.00,100.00,100.00,100.00,100.00,100.00,100.00,100.00,100.00,100.00,100.00,100.00,100.00,100.00,100.00,100.00,100.00,100.00,100.00,100.00,100.00,100.00,100.00,100.00,100.00,100.00,100.00,100.00,100.00,100.00,100.00,100.00,100.00,100.00,100.00,100.00,100.00,100.00,100.00,100.00,100.00,100.00,100.00,100.00,100.00,100.00,100.00,100.00,100.00,100.00,100.00,100.00,100.00,100.00,100.00,100.00,100.00,100.00,100.00,100.00,100.00
100.00,100.00,100.00,100.00,100.00,100.00,100.00,100.00,100.00,100.00,100.00,100.00,100.00,100.00,100.00,100.00,100.00,100.00,100.00,100.00,100.00,100.00,100.00,100.00,100.00,100.00,100.00,100.00,100.00,100.00,100.00,100.00,100.00,100.00,100.00,100.00,100.00,100.00,100.00,100.00,100.00,100.00,100.00,100.00,100.00,100.00,100.00,100.00,100.00,100.00,100.00,100.00,100.00,100.00,100.00,100.00,100.00,100.00,100.00,100.00,100.00,100.00,100.00,100.00,100.00,100.00,100.00,100.00,100.00,100.00,100.00,100.00,100.00,100.00,100.00,100.00,100.00,100.00,100.00,100.00,100.00,100.00,100.00,100.00,100.00,100.00,100.00,100.00,100.00,100.00,100.00,100.00,100.00,100.00,100.00,100.00
100.00,100.00,100.00,100.00,100.00,100.00,100.00,100.00,100.00,100.00,100.00,100.00,100.00,100.00,100.00,100.00,100.00,100.00,100.00,100.00,100.00,100.00,100.00,100.00,100.00,100.00,100.00,100.00,100.00,100.00,100.00,100.00,100.00,100.00,100.00,100.00,100.00,100.00,100.00,100.00,100.00,100.00,100.00,100.00,100.00,100.00,100.00,100.00,100.00,100.00,100.00,100.00,100.00,100.00,100.00,100.00,100.00,100.00,100.00,100.00,100.00,100.00,100.00,100.00,100.00,100.00,100.00,100.00,100.00,100.00,100.00,100.00,100.00,100.00,100.00,100.00,100.00,100.00,100.00,100.00,100.00,100.00,100.00,100.00,100.00,100.00,100.00,100.00,100.00,100.00,100.00,100.00,100.00,100.00,100.00,100.00
100.00,100.00,100.00,100.00,100.00,100.00,100.00,100.00,100.00,100.00,100.00,100.00,100.00,100.00,100.00,100.00,100.00,100.00,100.00,100.00,100.00,100.00,100.00,100.00,100.00,100.00,100.00,100.00,100.00,100.00,100.00,100.00,100.00,100.00,100.00,100.00,100.00,100.00,100.00,100.00,100.00,100.00,100.00,100.00,100.00,100.00,100.00,100.00,100.00,100.00,100.00,100.00,100.00,100.00,100.00,100.00,100.00,100.00,100.00,100.00,100.00,100.00,100.00,100.00,100.00,100.00,100.00,100.00,100.00,100.00,100.00,100.00,100.00,100.00,100.00,100.00,100.00,100.00,100.00,100.00,100.00,100.00,100.00,100.00,100.00,100.00,100.00,100.00,100.00,100.00,100.00,100.00,100.00,100.00,100.00,100.00
100.00,100.00,100.00,100.00,100.00,100.00,100.00,100.00,100.00,100.00,100.00,100.00,100.00,100.00,100.00,100.00,100.00,100.00,100.00,100.00,100.00,100.00,100.00,100.00,100.00,100.00,100.00,100.00,100.00,100.00,100.00,100.00,100.00,100.00,100.00,100.00,100.00,100.00,100.00,100.00,100.00,100.00,100.00,100.00,100.00,100.00,100.00,100.00,100.00,100.00,100.00,100.00,100.00,100.00,100.00,100.00,100.00,100.00,100.00,100.00,100.00,100.00,100.00,100.00,100.00,100.00,100.00,100.00,100.00,100.00,100.00,100.00,100.00,100.00,100.00,100.00,100.00,100.00,100.00,100.00,100.00,100.00,100.00,100.00,100.00,100.00,100.00,100.00,100.00,100.00,100.00,100.00,100.00,100.00,100.00,100.00
100.00,100.00,100.00,100.00,100.00,100.00,100.00,100.00,100.00,100.00,100.00,100.00,100.00,100.00,100.00,100.00,100.00,100.00,100.00,100.00,100.00,100.00,100.00,100.00,100.00,100.00,100.00,100.00,100.00,100.00,100.00,100.00,100.00,100.00,100.00,100.00,100.00,100.00,100.00,100.00,100.00,100.00,100.00,100.00,100.00,100.00,100.00,100.00,100.00,100.00,100.00,100.00,100.00,100.00,100.00,100.00,100.00,100.00,100.00,100.00,100.00,100.00,100.00,100.00,100.00,100.00,100.00,100.00,100.00,100.00,100.00,100.00,100.00,100.00,100.00,100.00,100.00,100.00,100.00,100.00,100.00,100.00,100.00,100.00,100.00,100.00,100.00,100.00,100.00,100.00,100.00,100.00,100.00,100.00,100.00,100.00
100.00,100.00,100.00,100.00,100.00,100.00,100.00,100.00,100.00,100.00,100.00,100.00,100.00,100.00,100.00,100.00,100.00,100.00,100.00,100.00,100.00,100.00,100.00,100.00,100.00,100.00,100.00,100.00,100.00,100.00,100.00,100.00,100.00,100.00,100.00,100.00,100.00,100.00,100.00,100.00,100.00,100.00,100.00,100.00,100.00,100.00,100.00,100.00,100.00,100.00,100.00,100.00,100.00,100.00,100.00,100.00,100.00,100.00,100.00,100.00,100.00,100.00,100.00,100.00,100.00,100.00,100.00,100.00,100.00,100.00,100.00,100.00,100.00,100.00,100.00,100.00,100.00,100.00,100.00,100.00,100.00,100.00,100.00,100.00,100.00,100.00,100.00,100.00,100.00,100.00,100.00,100.00,100.00,100.00,100.00,100.00
100.00,100.00,100.00,100.00,100.00,100.00,100.00,100.00,100.00,100.00,100.00,100.00,100.00,100.00,100.00,100.00,100.00,100.00,100.00,100.00,100.00,100.00,100.00,100.00,100.00,100.00,100.00,100.00,100.00,100.00,100.00,100.00,100.00,100.00,100.00,100.00,100.00,100.00,100.00,100.00,100.00,100.00,100.00,100.00,100.00,100.00,100.00,100.00,100.00,100.00,100.00,100.00,100.00,100.00,100.00,100.00,100.00,100.00,100.00,100.00,100.00,100.00,100.00,100.00,100.00,100.00,100.00,100.00,100.00,100.00,100.00,100.00,100.00,100.00,100.00,100.00,100.00,100.00,100.00,100.00,100.00,100.00,100.00,100.00,100.00,100.00,100.00,100.00,100.00,100.00,100.00,100.00,100.00,100.00,100.00,100.00
100.00,100.00,100.00,100.00,100.00,100.00,100.00,100.00,100.00,100.00,100.00,100.00,100.00,100.00,100.00,100.00,100.00,100.00,100.00,100.00,100.00,100.00,100.00,100.00,100.00,100.00,100.00,100.00,100.00,100.00,100.00,100.00,100.00,100.00,100.00,100.00,100.00,100.00,100.00,100.00,100.00,100.00,100.00,100.00,100.00,100.00,100.00,100.00,100.00,100.00,100.00,100.00,100.00,100.00,100.00,100.00,100.00,100.00,100.00,100.00,100.00,100.00,100.00,100.00,100.00,100.00,100.00,100.00,100.00,100.00,100.00,100.00,100.00,100.00,100.00,100.00,100.00,100.00,100.00,100.00,100.00,100.00,100.00,100.00,100.00,100.00,100.00,100.00,100.00,100.00,100.00,100.00,100.00,100.00,100.00,100.00
100.00,100.00,100.00,100.00,100.00,100.00,100.00,100.00,100.00,100.00,100.00,100.00,100.00,100.00,100.00,100.00,100.00,100.00,100.00,100.00,100.00,100.00,100.00,100.00,100.00,100.00,100.00,100.00,100.00,100.00,100.00,100.00,100.00,100.00,100.00,100.00,100.00,100.00,100.00,100.00,100.00,100.00,100.00,100.00,100.00,100.00,100.00,100.00,100.00,100.00,100.00,100.00,100.00,100.00,100.00,100.00,100.00,100.00,100.00,100.00,100.00,100.00,100.00,100.00,100.00,100.00,100.00,100.00,100.00,100.00,100.00,100.00,100.00,100.00,100.00,100.00,100.00,100.00,100.00,100.00,100.00,100.00,100.00,100.00,100.00,100.00,100.00,100.00,100.00,100.00,100.00,100.00,100.00,100.00,100.00,100.00
100.00,100.00,100.00,100.00,100.00,100.00,100.00,100.00,100.00,100.00,100.00,100.00,100.00,100.00,100.00,100.00,100.00,100.00,100.00,100.00,100.00,100.00,100.00,100.00,100.00,100.00,100.00,100.00,100.00,100.00,100.00,100.00,100.00,100.00,100.00,100.00,100.00,100.00,100.00,100.00,100.00,100.00,100.00,100.00,100.00,100.00,100.00,100.00,100.00,100.00,100.00,100.00,100.00,100.00,100.00,100.00,100.00,100.00,100.00,100.00,100.00,100.00,100.00,100.00,100.00,100.00,100.00,100.00,100.00,100.00,100.00,100.00,100.00,100.00,100.00,100.00,100.00,100.00,100.00,100.00,100.00,100.00,100.00,100.00,100.00,100.00,100.00,100.00,100.00,100.00,100.00,100.00,100.00,100.00,100.00,100.00
100.00,100.00,100.00,100.00,100.00,100.00,100.00,100.00,100.00,100.00,100.00,100.00,100.00,100.00,100.00,100.00,100.00,100.00,100.00,100.00,100.00,100.00,100.00,100.00,100.00,100.00,100.00,100.00,100.00,100.00,100.00,100.00,100.00,100.00,100.00,100.00,100.00,100.00,100.00,100.00,100.00,100.00,100.00,100.00,100.00,100.00,100.00,100.00,100.00,100.00,100.00,100.00,100.00,100.00,100.00,100.00,100.00,100.00,100.00,100.00,100.00,100.00,100.00,100.00,100.00,100.00,100.00,100.00,100.00,100.00,100.00,100.00,100.00,100.00,100.00,100.00,100.00,100.00,100.00,100.00,100.00,100.00,100.00,100.00,100.00,100.00,100.00,100.00,100.00,100.00,100.00,100.00,100.00,100.00,100.00,100.00
100.00,100.00,100.00,100.00,100.00,100.00,100.00,100.00,100.00,100.00,100.00,100.00,100.00,100.00,100.00,100.00,100.00,100.00,100.00,100.00,100.00,100.00,100.00,100.00,100.00,100.00,100.00,100.00,100.00,100.00,100.00,100.00,100.00,100.00,100.00,100.00,100.00,100.00,100.00,100.00,100.00,100.00,100.00,100.00,100.00,100.00,100.00,100.00,100.00,100.00,100.00,100.00,100.00,100.00,100.00,100.00,100.00,100.00,100.00,100.00,100.00,100.00,100.00,100.00,100.00,100.00,100.00,100.00,100.00,100.00,100.00,100.00,100.00,100.00,100.00,100.00,100.00,100.00,100.00,100.00,100.00,100.00,100.00,100.00,100.00,100.00,100.00,100.00,100.00,100.00,100.00,100.00,100.00,100.00,100.00,100.00
